"eBird.English.Name.2023","eBird.Scientific.Name.2023","eBird.India.Name.2023"
"Fulvous Whistling-Duck","Dendrocygna bicolor","Fulvous Whistling-Duck"
"Lesser Whistling-Duck","Dendrocygna javanica","Lesser Whistling-Duck"
"Bar-headed Goose","Anser indicus","Bar-headed Goose"
"Graylag Goose","Anser anser","Greylag Goose"
"Greater White-fronted Goose","Anser albifrons","Greater White-fronted Goose"
"Lesser White-fronted Goose","Anser erythropus","Lesser White-fronted Goose"
"Taiga Bean-Goose","Anser fabalis","Taiga Bean-Goose"
"Tundra Bean-Goose","Anser serrirostris","Tundra Bean-Goose"
"Red-breasted Goose","Branta ruficollis","Red-breasted Goose"
"Mute Swan","Cygnus olor","Mute Swan"
"Tundra Swan","Cygnus columbianus","Tundra Swan"
"Whooper Swan","Cygnus cygnus","Whooper Swan"
"Knob-billed Duck","Sarkidiornis melanotos","Knob-billed Duck (Comb Duck)"
"Ruddy Shelduck","Tadorna ferruginea","Ruddy Shelduck (Brahminy Duck)"
"Common Shelduck","Tadorna tadorna","Common Shelduck"
"Cotton Pygmy-Goose","Nettapus coromandelianus","Cotton Pygmy-Goose (Cotton Teal)"
"Mandarin Duck","Aix galericulata","Mandarin Duck"
"Baikal Teal","Sibirionetta formosa","Baikal Teal"
"Garganey","Spatula querquedula","Garganey"
"Northern Shoveler","Spatula clypeata","Northern Shoveler"
"Gadwall","Mareca strepera","Gadwall"
"Falcated Duck","Mareca falcata","Falcated Duck"
"Eurasian Wigeon","Mareca penelope","Eurasian Wigeon"
"Indian Spot-billed Duck","Anas poecilorhyncha","Indian Spot-billed Duck"
"Eastern Spot-billed Duck","Anas zonorhyncha","Eastern Spot-billed Duck"
"Mallard","Anas platyrhynchos","Mallard"
"Northern Pintail","Anas acuta","Northern Pintail"
"Green-winged Teal","Anas crecca","Green-winged Teal (Common Teal)"
"Andaman Teal","Anas albogularis","Andaman Teal"
"Marbled Duck","Marmaronetta angustirostris","Marbled Duck (Marbled Teal)"
"Pink-headed Duck","Rhodonessa caryophyllacea","Pink-headed Duck"
"White-winged Duck","Asarcornis scutulata","White-winged Duck"
"Red-crested Pochard","Netta rufina","Red-crested Pochard"
"Common Pochard","Aythya ferina","Common Pochard"
"Ferruginous Duck","Aythya nyroca","Ferruginous Duck (Ferruginous Pochard)"
"Baer's Pochard","Aythya baeri","Baer's Pochard"
"Tufted Duck","Aythya fuligula","Tufted Duck"
"Greater Scaup","Aythya marila","Greater Scaup"
"Long-tailed Duck","Clangula hyemalis","Long-tailed Duck"
"Common Goldeneye","Bucephala clangula","Common Goldeneye"
"Smew","Mergellus albellus","Smew"
"Common Merganser","Mergus merganser","Common Merganser"
"Red-breasted Merganser","Mergus serrator","Red-breasted Merganser"
"White-headed Duck","Oxyura leucocephala","White-headed Duck"
"Nicobar Megapode","Megapodius nicobariensis","Nicobar Megapode"
"Hill Partridge","Arborophila torqueola","Hill Partridge"
"Chestnut-breasted Partridge","Arborophila mandellii","Chestnut-breasted Partridge"
"Rufous-throated Partridge","Arborophila rufogularis","Rufous-throated Partridge"
"White-cheeked Partridge","Arborophila atrogularis","White-cheeked Partridge"
"Snow Partridge","Lerwa lerwa","Snow Partridge"
"Blood Pheasant","Ithaginis cruentus","Blood Pheasant"
"Western Tragopan","Tragopan melanocephalus","Western Tragopan"
"Satyr Tragopan","Tragopan satyra","Satyr Tragopan"
"Blyth's Tragopan","Tragopan blythii","Blyth's Tragopan"
"Temminck's Tragopan","Tragopan temminckii","Temminck's Tragopan"
"Himalayan Monal","Lophophorus impejanus","Himalayan Monal"
"Sclater's Monal","Lophophorus sclateri","Sclater's Monal"
"Koklass Pheasant","Pucrasia macrolopha","Koklass Pheasant"
"Tibetan Partridge","Perdix hodgsoniae","Tibetan Partridge"
"Mrs. Hume's Pheasant","Syrmaticus humiae","Mrs. Hume's Pheasant"
"Cheer Pheasant","Catreus wallichii","Cheer Pheasant"
"Kalij Pheasant","Lophura leucomelanos","Kalij Pheasant"
"Indian Peafowl","Pavo cristatus","Indian Peafowl"
"Green Peafowl","Pavo muticus","Green Peafowl"
"Red Spurfowl","Galloperdix spadicea","Red Spurfowl"
"Painted Spurfowl","Galloperdix lunulata","Painted Spurfowl"
"Gray Peacock-Pheasant","Polyplectron bicalcaratum","Grey Peacock-Pheasant"
"Mountain Bamboo-Partridge","Bambusicola fytchii","Mountain Bamboo-Partridge"
"Red Junglefowl","Gallus gallus","Red Junglefowl"
"Gray Junglefowl","Gallus sonneratii","Grey Junglefowl"
"Gray Francolin","Ortygornis pondicerianus","Grey Francolin"
"Swamp Francolin","Ortygornis gularis","Swamp Francolin"
"Chinese Francolin","Francolinus pintadeanus","Chinese Francolin"
"Black Francolin","Francolinus francolinus","Black Francolin"
"Painted Francolin","Francolinus pictus","Painted Francolin"
"Tibetan Snowcock","Tetraogallus tibetanus","Tibetan Snowcock"
"Himalayan Snowcock","Tetraogallus himalayensis","Himalayan Snowcock"
"Blue-breasted Quail","Synoicus chinensis","Blue-breasted Quail"
"Common Quail","Coturnix coturnix","Common Quail"
"Japanese Quail","Coturnix japonica","Japanese Quail"
"Rain Quail","Coturnix coromandelica","Rain Quail"
"Chukar","Alectoris chukar","Chukar Partridge"
"Jungle Bush-Quail","Perdicula asiatica","Jungle Bush-Quail"
"Rock Bush-Quail","Perdicula argoondah","Rock Bush-Quail"
"Painted Bush-Quail","Perdicula erythrorhyncha","Painted Bush-Quail"
"Manipur Bush-Quail","Perdicula manipurensis","Manipur Bush-Quail"
"Himalayan Quail","Ophrysia superciliosa",NA
"Greater Flamingo","Phoenicopterus roseus","Greater Flamingo"
"Lesser Flamingo","Phoeniconaias minor","Lesser Flamingo"
"Little Grebe","Tachybaptus ruficollis","Little Grebe"
"Horned Grebe","Podiceps auritus","Horned Grebe (Slavonian Grebe)"
"Red-necked Grebe","Podiceps grisegena","Red-necked Grebe"
"Great Crested Grebe","Podiceps cristatus","Great Crested Grebe"
"Eared Grebe","Podiceps nigricollis","Eared Grebe (Black-necked Grebe)"
"Rock Pigeon","Columba livia","Rock Pigeon (Blue Rock Pigeon)"
"Hill Pigeon","Columba rupestris","Hill Pigeon"
"Snow Pigeon","Columba leuconota","Snow Pigeon"
"Yellow-eyed Pigeon","Columba eversmanni","Yellow-eyed Pigeon"
"Common Wood-Pigeon","Columba palumbus","Common Wood-Pigeon"
"Speckled Wood-Pigeon","Columba hodgsonii","Speckled Wood-Pigeon"
"Ashy Wood-Pigeon","Columba pulchricollis","Ashy Wood-Pigeon"
"Nilgiri Wood-Pigeon","Columba elphinstonii","Nilgiri Wood-Pigeon"
"Pale-capped Pigeon","Columba punicea","Pale-capped Pigeon"
"Andaman Wood-Pigeon","Columba palumboides","Andaman Wood-Pigeon"
"European Turtle-Dove","Streptopelia turtur","European Turtle-Dove"
"Oriental Turtle-Dove","Streptopelia orientalis","Oriental Turtle-Dove"
"Eurasian Collared-Dove","Streptopelia decaocto","Eurasian Collared-Dove"
"Red Collared-Dove","Streptopelia tranquebarica","Red Collared-Dove (Red Turtle-Dove)"
"Spotted Dove","Spilopelia chinensis","Spotted Dove"
"Laughing Dove","Spilopelia senegalensis","Laughing Dove (Little Brown Dove)"
"Barred Cuckoo-Dove","Macropygia unchall","Barred Cuckoo-Dove"
"Andaman Cuckoo-Dove","Macropygia rufipennis","Andaman Cuckoo-Dove"
"Namaqua Dove","Oena capensis","Namaqua Dove"
"Asian Emerald Dove","Chalcophaps indica","Asian Emerald Dove"
"Nicobar Pigeon","Caloenas nicobarica","Nicobar Pigeon"
"Orange-breasted Green-Pigeon","Treron bicinctus","Orange-breasted Green-Pigeon"
"Gray-fronted Green-Pigeon","Treron affinis","Grey-fronted Green-Pigeon (Pompadour Green-Pigeon)"
"Andaman Green-Pigeon","Treron chloropterus","Andaman Green-Pigeon"
"Ashy-headed Green-Pigeon","Treron phayrei","Ashy-headed Green-Pigeon"
"Thick-billed Green-Pigeon","Treron curvirostra","Thick-billed Green-Pigeon"
"Yellow-footed Green-Pigeon","Treron phoenicopterus","Yellow-footed Green-Pigeon"
"Pin-tailed Green-Pigeon","Treron apicauda","Pin-tailed Green-Pigeon"
"Wedge-tailed Green-Pigeon","Treron sphenurus","Wedge-tailed Green-Pigeon"
"Green Imperial-Pigeon","Ducula aenea","Green Imperial-Pigeon"
"Nicobar Imperial-Pigeon","Ducula nicobarica","Nicobar Imperial-Pigeon"
"Malabar Imperial-Pigeon","Ducula cuprea","Malabar Imperial-Pigeon"
"Mountain Imperial-Pigeon","Ducula badia","Mountain Imperial-Pigeon"
"Pied Imperial-Pigeon","Ducula bicolor","Pied Imperial-Pigeon"
"Tibetan Sandgrouse","Syrrhaptes tibetanus","Tibetan Sandgrouse"
"Pallas's Sandgrouse","Syrrhaptes paradoxus","Pallas's Sandgrouse"
"Pin-tailed Sandgrouse","Pterocles alchata","Pin-tailed Sandgrouse"
"Chestnut-bellied Sandgrouse","Pterocles exustus","Chestnut-bellied Sandgrouse"
"Spotted Sandgrouse","Pterocles senegallus","Spotted Sandgrouse"
"Black-bellied Sandgrouse","Pterocles orientalis","Black-bellied Sandgrouse"
"Painted Sandgrouse","Pterocles indicus","Painted Sandgrouse"
"Great Indian Bustard","Ardeotis nigriceps","Great Indian Bustard"
"Macqueen's Bustard","Chlamydotis macqueenii","Macqueen's Bustard (Houbara Bustard)"
"Bengal Florican","Houbaropsis bengalensis","Bengal Florican"
"Lesser Florican","Sypheotides indicus","Lesser Florican"
"Little Bustard","Tetrax tetrax","Little Bustard"
"Andaman Coucal","Centropus andamanensis","Andaman Coucal"
"Greater Coucal","Centropus sinensis","Greater Coucal"
"Lesser Coucal","Centropus bengalensis","Lesser Coucal"
"Sirkeer Malkoha","Taccocua leschenaultii","Sirkeer Malkoha"
"Blue-faced Malkoha","Phaenicophaeus viridirostris","Blue-faced Malkoha"
"Green-billed Malkoha","Phaenicophaeus tristis","Green-billed Malkoha"
"Chestnut-winged Cuckoo","Clamator coromandus","Chestnut-winged Cuckoo"
"Pied Cuckoo","Clamator jacobinus","Pied Cuckoo (Jacobin Cuckoo)"
"Asian Koel","Eudynamys scolopaceus","Asian Koel"
"Asian Emerald Cuckoo","Chrysococcyx maculatus","Asian Emerald Cuckoo"
"Violet Cuckoo","Chrysococcyx xanthorhynchus","Violet Cuckoo"
"Horsfield's Bronze-Cuckoo","Chrysococcyx basalis","Horsfield's Bronze-Cuckoo"
"Banded Bay Cuckoo","Cacomantis sonneratii","Banded Bay Cuckoo"
"Plaintive Cuckoo","Cacomantis merulinus","Plaintive Cuckoo"
"Gray-bellied Cuckoo","Cacomantis passerinus","Grey-bellied Cuckoo"
"Fork-tailed Drongo-Cuckoo","Surniculus dicruroides","Fork-tailed Drongo-Cuckoo"
"Square-tailed Drongo-Cuckoo","Surniculus lugubris","Square-tailed Drongo-Cuckoo"
"Large Hawk-Cuckoo","Hierococcyx sparverioides","Large Hawk-Cuckoo"
"Common Hawk-Cuckoo","Hierococcyx varius","Common Hawk-Cuckoo"
"Hodgson's Hawk-Cuckoo","Hierococcyx nisicolor","Hodgson's Hawk-Cuckoo"
"Lesser Cuckoo","Cuculus poliocephalus","Lesser Cuckoo"
"Indian Cuckoo","Cuculus micropterus","Indian Cuckoo"
"Himalayan Cuckoo","Cuculus saturatus","Himalayan Cuckoo"
"Common Cuckoo","Cuculus canorus","Common Cuckoo"
"Sri Lanka Frogmouth","Batrachostomus moniliger","Sri Lanka Frogmouth"
"Hodgson's Frogmouth","Batrachostomus hodgsoni","Hodgson's Frogmouth"
"Great Eared-Nightjar","Lyncornis macrotis","Great Eared-Nightjar"
"Jungle Nightjar","Caprimulgus indicus","Jungle Nightjar (Indian Jungle Nightjar)"
"Gray Nightjar","Caprimulgus jotaka","Grey Nightjar (Eastern Jungle Nightjar)"
"Eurasian Nightjar","Caprimulgus europaeus","Eurasian Nightjar (European Nightjar)"
"Sykes's Nightjar","Caprimulgus mahrattensis","Sykes's Nightjar"
"Large-tailed Nightjar","Caprimulgus macrurus","Large-tailed Nightjar"
"Andaman Nightjar","Caprimulgus andamanicus","Andaman Nightjar"
"Jerdon's Nightjar","Caprimulgus atripennis","Jerdon's Nightjar"
"Indian Nightjar","Caprimulgus asiaticus","Indian Nightjar"
"Savanna Nightjar","Caprimulgus affinis","Savanna Nightjar"
"White-rumped Spinetail","Zoonavena sylvatica","White-rumped Spinetail (White-rumped Needletail)"
"White-throated Needletail","Hirundapus caudacutus","White-throated Needletail"
"Silver-backed Needletail","Hirundapus cochinchinensis","Silver-backed Needletail"
"Brown-backed Needletail","Hirundapus giganteus","Brown-backed Needletail"
"Plume-toed Swiftlet","Collocalia affinis","Plume-toed Swift (Andaman Glossy Swiftlet)"
"Indian Swiftlet","Aerodramus unicolor","Indian Swiftlet"
"Himalayan Swiftlet","Aerodramus brevirostris","Himalayan Swiftlet"
"White-nest Swiftlet","Aerodramus fuciphagus","White-nest Swiftlet (Edible-nest Swiftlet)"
"Alpine Swift","Tachymarptis melba","Alpine Swift"
"Common Swift","Apus apus","Common Swift"
"Pacific Swift","Apus pacificus","Pacific Swift"
"Blyth's Swift","Apus leuconyx","Blyth's Swift (Fork-tailed Swift)"
"Dark-rumped Swift","Apus acuticauda","Dark-rumped Swift"
"Little Swift","Apus affinis","Little Swift (Indian House Swift)"
"House Swift","Apus nipalensis","House Swift (Nepal House Swift)"
"Asian Palm Swift","Cypsiurus balasiensis","Asian Palm Swift"
"Crested Treeswift","Hemiprocne coronata","Crested Treeswift"
"Water Rail","Rallus aquaticus","Water Rail"
"Brown-cheeked Rail","Rallus indicus","Brown-cheeked Rail"
"Corn Crake","Crex crex","Corn Crake"
"Slaty-breasted Rail","Lewinia striata","Slaty-breasted Rail"
"Spotted Crake","Porzana porzana","Spotted Crake"
"Eurasian Moorhen","Gallinula chloropus","Eurasian Moorhen"
"Eurasian Coot","Fulica atra","Eurasian Coot"
"Gray-headed Swamphen","Porphyrio poliocephalus","Grey-headed Swamphen (Purple Swamphen)"
"White-browed Crake","Poliolimnas cinereus","White-browed Crake"
"Watercock","Gallicrex cinerea","Watercock"
"White-breasted Waterhen","Amaurornis phoenicurus","White-breasted Waterhen"
"Andaman Crake","Rallina canningi","Andaman Crake"
"Red-legged Crake","Rallina fasciata","Red-legged Crake"
"Slaty-legged Crake","Rallina eurizonoides","Slaty-legged Crake"
"Ruddy-breasted Crake","Zapornia fusca","Ruddy-breasted Crake"
"Brown Crake","Zapornia akool","Brown Crake"
"Little Crake","Zapornia parva","Little Crake"
"Baillon's Crake","Zapornia pusilla","Baillon's Crake"
"Black-tailed Crake","Zapornia bicolor","Black-tailed Crake"
"Masked Finfoot","Heliopais personatus","Masked Finfoot"
"Demoiselle Crane","Anthropoides virgo","Demoiselle Crane"
"Siberian Crane","Leucogeranus leucogeranus","Siberian Crane"
"Sarus Crane","Antigone antigone","Sarus Crane"
"Common Crane","Grus grus","Common Crane"
"Black-necked Crane","Grus nigricollis","Black-necked Crane"
"Indian Thick-knee","Burhinus indicus","Indian Thick-knee (Indian Stone-curlew)"
"Great Thick-knee","Esacus recurvirostris","Great Thick-knee (Great Stone-curlew)"
"Beach Thick-knee","Esacus magnirostris","Beach Thick-knee (Beach Stone-curlew)"
"Black-winged Stilt","Himantopus himantopus","Black-winged Stilt"
"Pied Avocet","Recurvirostra avosetta","Pied Avocet"
"Ibisbill","Ibidorhyncha struthersii","Ibisbill"
"Eurasian Oystercatcher","Haematopus ostralegus","Eurasian Oystercatcher"
"Black-bellied Plover","Pluvialis squatarola","Black-bellied Plover (Grey Plover)"
"European Golden-Plover","Pluvialis apricaria","European Golden-Plover"
"American Golden-Plover","Pluvialis dominica","American Golden-Plover"
"Pacific Golden-Plover","Pluvialis fulva","Pacific Golden-Plover"
"Northern Lapwing","Vanellus vanellus","Northern Lapwing"
"River Lapwing","Vanellus duvaucelii","River Lapwing"
"Yellow-wattled Lapwing","Vanellus malabaricus","Yellow-wattled Lapwing"
"Gray-headed Lapwing","Vanellus cinereus","Grey-headed Lapwing"
"Red-wattled Lapwing","Vanellus indicus","Red-wattled Lapwing"
"Sociable Lapwing","Vanellus gregarius","Sociable Lapwing"
"White-tailed Lapwing","Vanellus leucurus","White-tailed Lapwing"
"Tibetan Sand-Plover","Anarhynchus atrifrons","Tibetan Sand-Plover (Lesser Sand-Plover)"
"Greater Sand-Plover","Anarhynchus leschenaultii","Greater Sand-Plover"
"Caspian Plover","Anarhynchus asiaticus","Caspian Plover"
"Kentish Plover","Anarhynchus alexandrinus","Kentish Plover"
"Common Ringed Plover","Charadrius hiaticula","Common Ringed Plover"
"Long-billed Plover","Charadrius placidus","Long-billed Plover"
"Little Ringed Plover","Charadrius dubius","Little Ringed Plover"
"Oriental Plover","Anarhynchus veredus","Oriental Plover"
"Greater Painted-Snipe","Rostratula benghalensis","Greater Painted-Snipe"
"Pheasant-tailed Jacana","Hydrophasianus chirurgus","Pheasant-tailed Jacana"
"Bronze-winged Jacana","Metopidius indicus","Bronze-winged Jacana"
"Whimbrel","Numenius phaeopus","Whimbrel"
"Eurasian Curlew","Numenius arquata","Eurasian Curlew"
"Bar-tailed Godwit","Limosa lapponica","Bar-tailed Godwit"
"Black-tailed Godwit","Limosa limosa","Black-tailed Godwit"
"Ruddy Turnstone","Arenaria interpres","Ruddy Turnstone"
"Great Knot","Calidris tenuirostris","Great Knot"
"Red Knot","Calidris canutus","Red Knot"
"Ruff","Calidris pugnax","Ruff"
"Broad-billed Sandpiper","Calidris falcinellus","Broad-billed Sandpiper"
"Sharp-tailed Sandpiper","Calidris acuminata","Sharp-tailed Sandpiper"
"Curlew Sandpiper","Calidris ferruginea","Curlew Sandpiper"
"Temminck's Stint","Calidris temminckii","Temminck's Stint"
"Long-toed Stint","Calidris subminuta","Long-toed Stint"
"Spoon-billed Sandpiper","Calidris pygmaea","Spoon-billed Sandpiper"
"Red-necked Stint","Calidris ruficollis","Red-necked Stint"
"Sanderling","Calidris alba","Sanderling"
"Dunlin","Calidris alpina","Dunlin"
"Little Stint","Calidris minuta","Little Stint"
"Buff-breasted Sandpiper","Calidris subruficollis","Buff-breasted Sandpiper"
"Pectoral Sandpiper","Calidris melanotos","Pectoral Sandpiper"
"Asian Dowitcher","Limnodromus semipalmatus","Asian Dowitcher"
"Long-billed Dowitcher","Limnodromus scolopaceus","Long-billed Dowitcher"
"Jack Snipe","Lymnocryptes minimus","Jack Snipe"
"Eurasian Woodcock","Scolopax rusticola","Eurasian Woodcock"
"Solitary Snipe","Gallinago solitaria","Solitary Snipe"
"Wood Snipe","Gallinago nemoricola","Wood Snipe"
"Great Snipe","Gallinago media","Great Snipe"
"Common Snipe","Gallinago gallinago","Common Snipe"
"Pin-tailed Snipe","Gallinago stenura","Pin-tailed Snipe"
"Swinhoe's Snipe","Gallinago megala","Swinhoe's Snipe"
"Terek Sandpiper","Xenus cinereus","Terek Sandpiper"
"Red-necked Phalarope","Phalaropus lobatus","Red-necked Phalarope"
"Red Phalarope","Phalaropus fulicarius","Red Phalarope"
"Common Sandpiper","Actitis hypoleucos","Common Sandpiper"
"Green Sandpiper","Tringa ochropus","Green Sandpiper"
"Gray-tailed Tattler","Tringa brevipes","Grey-tailed Tattler"
"Spotted Redshank","Tringa erythropus","Spotted Redshank"
"Common Greenshank","Tringa nebularia","Common Greenshank"
"Nordmann's Greenshank","Tringa guttifer","Nordmann's Greenshank"
"Marsh Sandpiper","Tringa stagnatilis","Marsh Sandpiper"
"Wood Sandpiper","Tringa glareola","Wood Sandpiper"
"Common Redshank","Tringa totanus","Common Redshank"
"Small Buttonquail","Turnix sylvaticus","Small Buttonquail"
"Yellow-legged Buttonquail","Turnix tanki","Yellow-legged Buttonquail"
"Barred Buttonquail","Turnix suscitator","Barred Buttonquail"
"Crab-Plover","Dromas ardeola","Crab-Plover"
"Cream-colored Courser","Cursorius cursor","Cream-colored Courser"
"Indian Courser","Cursorius coromandelicus","Indian Courser"
"Jerdon's Courser","Rhinoptilus bitorquatus","Jerdon's Courser"
"Collared Pratincole","Glareola pratincola","Collared Pratincole"
"Oriental Pratincole","Glareola maldivarum","Oriental Pratincole"
"Small Pratincole","Glareola lactea","Small Pratincole"
"South Polar Skua","Stercorarius maccormicki","South Polar Skua"
"Brown Skua","Stercorarius antarcticus","Brown Skua"
"Pomarine Jaeger","Stercorarius pomarinus","Pomarine Jaeger (Pomarine Skua)"
"Parasitic Jaeger","Stercorarius parasiticus","Parasitic Jaeger (Arctic Skua)"
"Long-tailed Jaeger","Stercorarius longicaudus","Long-tailed Jaeger"
"Black-legged Kittiwake","Rissa tridactyla","Black-legged Kittiwake"
"Sabine's Gull","Xema sabini","Sabine's Gull"
"Slender-billed Gull","Chroicocephalus genei","Slender-billed Gull"
"Black-headed Gull","Chroicocephalus ridibundus","Black-headed Gull"
"Brown-headed Gull","Chroicocephalus brunnicephalus","Brown-headed Gull"
"Little Gull","Hydrocoloeus minutus","Little Gull"
"Franklin's Gull","Leucophaeus pipixcan","Franklin's Gull"
"White-eyed Gull","Ichthyaetus leucophthalmus","White-eyed Gull"
"Sooty Gull","Ichthyaetus hemprichii","Sooty Gull"
"Pallas's Gull","Ichthyaetus ichthyaetus","Pallas's Gull"
"Common Gull","Larus canus","Common Gull"
"Herring Gull","Larus argentatus","Herring Gull"
"Caspian Gull","Larus cachinnans","Caspian Gull"
"Lesser Black-backed Gull","Larus fuscus","Lesser Black-backed Gull"
"Brown Noddy","Anous stolidus","Brown Noddy"
"Black Noddy","Anous minutus","Black Noddy"
"Lesser Noddy","Anous tenuirostris","Lesser Noddy"
"White Tern","Gygis alba","White Tern"
"Sooty Tern","Onychoprion fuscatus","Sooty Tern"
"Bridled Tern","Onychoprion anaethetus","Bridled Tern"
"Little Tern","Sternula albifrons","Little Tern"
"Saunders's Tern","Sternula saundersi","Saunders's Tern"
"Gull-billed Tern","Gelochelidon nilotica","Gull-billed Tern"
"Caspian Tern","Hydroprogne caspia","Caspian Tern"
"Black Tern","Chlidonias niger","Black Tern"
"White-winged Tern","Chlidonias leucopterus","White-winged Tern"
"Whiskered Tern","Chlidonias hybrida","Whiskered Tern"
"Roseate Tern","Sterna dougallii","Roseate Tern"
"Black-naped Tern","Sterna sumatrana","Black-naped Tern"
"Common Tern","Sterna hirundo","Common Tern"
"Arctic Tern","Sterna paradisaea","Arctic Tern"
"Black-bellied Tern","Sterna acuticauda","Black-bellied Tern"
"River Tern","Sterna aurantia","River Tern"
"White-cheeked Tern","Sterna repressa","White-cheeked Tern"
"Great Crested Tern","Thalasseus bergii","Great Crested Tern"
"Sandwich Tern","Thalasseus sandvicensis","Sandwich Tern"
"Lesser Crested Tern","Thalasseus bengalensis","Lesser Crested Tern"
"Indian Skimmer","Rynchops albicollis","Indian Skimmer"
"White-tailed Tropicbird","Phaethon lepturus","White-tailed Tropicbird"
"Red-billed Tropicbird","Phaethon aethereus","Red-billed Tropicbird"
"Red-tailed Tropicbird","Phaethon rubricauda","Red-tailed Tropicbird"
"Red-throated Loon","Gavia stellata","Red-throated Loon"
"Arctic Loon","Gavia arctica","Arctic Loon"
"Light-mantled Albatross","Phoebetria palpebrata","Light-mantled Albatross"
"Wilson's Storm-Petrel","Oceanites oceanicus","Wilson's Storm-Petrel"
"White-faced Storm-Petrel","Pelagodroma marina","White-faced Storm-Petrel"
"Black-bellied Storm-Petrel","Fregetta tropica","Black-bellied Storm-Petrel"
"Swinhoe's Storm-Petrel","Hydrobates monorhis","Swinhoe's Storm-Petrel"
"Barau's Petrel","Pterodroma baraui","Barau's Petrel"
"Jouanin's Petrel","Bulweria fallax","Jouanin's Petrel"
"Streaked Shearwater","Calonectris leucomelas","Streaked Shearwater"
"Cory's Shearwater","Calonectris diomedea","Cory's Shearwater"
"Flesh-footed Shearwater","Ardenna carneipes","Flesh-footed Shearwater"
"Wedge-tailed Shearwater","Ardenna pacifica","Wedge-tailed Shearwater"
"Sooty Shearwater","Ardenna grisea","Sooty Shearwater"
"Short-tailed Shearwater","Ardenna tenuirostris","Short-tailed Shearwater"
"Tropical Shearwater","Puffinus bailloni","Tropical Shearwater"
"Persian Shearwater","Puffinus persicus","Persian Shearwater"
"Asian Openbill","Anastomus oscitans","Asian Openbill"
"Black Stork","Ciconia nigra","Black Stork"
"Asian Woolly-necked Stork","Ciconia episcopus","Asian Woolly-necked Stork"
"White Stork","Ciconia ciconia","White Stork"
"Black-necked Stork","Ephippiorhynchus asiaticus","Black-necked Stork"
"Lesser Adjutant","Leptoptilos javanicus","Lesser Adjutant"
"Greater Adjutant","Leptoptilos dubius","Greater Adjutant"
"Painted Stork","Mycteria leucocephala","Painted Stork"
"Lesser Frigatebird","Fregata ariel","Lesser Frigatebird"
"Christmas Island Frigatebird","Fregata andrewsi","Christmas Island Frigatebird"
"Great Frigatebird","Fregata minor","Great Frigatebird"
"Masked Booby","Sula dactylatra","Masked Booby"
"Brown Booby","Sula leucogaster","Brown Booby"
"Red-footed Booby","Sula sula","Red-footed Booby"
"Oriental Darter","Anhinga melanogaster","Oriental Darter"
"Little Cormorant","Microcarbo niger","Little Cormorant"
"Great Cormorant","Phalacrocorax carbo","Great Cormorant"
"Indian Cormorant","Phalacrocorax fuscicollis","Indian Cormorant (Indian Shag)"
"Great White Pelican","Pelecanus onocrotalus","Great White Pelican (Rosy Pelican)"
"Spot-billed Pelican","Pelecanus philippensis","Spot-billed Pelican"
"Dalmatian Pelican","Pelecanus crispus","Dalmatian Pelican"
"Great Bittern","Botaurus stellaris","Great Bittern"
"Yellow Bittern","Ixobrychus sinensis","Yellow Bittern"
"Little Bittern","Ixobrychus minutus","Little Bittern"
"Cinnamon Bittern","Ixobrychus cinnamomeus","Cinnamon Bittern"
"Black Bittern","Ixobrychus flavicollis","Black Bittern"
"Gray Heron","Ardea cinerea","Grey Heron"
"White-bellied Heron","Ardea insignis","White-bellied Heron"
"Goliath Heron","Ardea goliath","Goliath Heron"
"Purple Heron","Ardea purpurea","Purple Heron"
"Great Egret","Ardea alba","Great Egret"
"Medium Egret","Ardea intermedia","Intermediate Egret (Medium Egret)"
"Chinese Egret","Egretta eulophotes","Chinese Egret"
"Little Egret","Egretta garzetta","Little Egret"
"Western Reef-Heron","Egretta gularis","Western Reef-Heron (Western Reef-Egret)"
"Pacific Reef-Heron","Egretta sacra","Pacific Reef-Heron (Pacific Reef-Egret)"
"Eastern Cattle Egret","Bubulcus coromandus","Eastern Cattle Egret"
"Indian Pond-Heron","Ardeola grayii","Indian Pond-Heron"
"Chinese Pond-Heron","Ardeola bacchus","Chinese Pond-Heron"
"Javan Pond-Heron","Ardeola speciosa","Javan Pond-Heron"
"Striated Heron","Butorides striata","Striated Heron (Little Heron)"
"Black-crowned Night Heron","Nycticorax nycticorax","Black-crowned Night Heron"
"White-eared Night Heron","Oroanassa magnifica","White-eared Night Heron"
"Malayan Night Heron","Gorsachius melanolophus","Malayan Night Heron"
"Glossy Ibis","Plegadis falcinellus","Glossy Ibis"
"Black-headed Ibis","Threskiornis melanocephalus","Black-headed Ibis"
"Red-naped Ibis","Pseudibis papillosa","Red-naped Ibis (Indian Black Ibis)"
"Eurasian Spoonbill","Platalea leucorodia","Eurasian Spoonbill"
"Osprey","Pandion haliaetus","Osprey"
"Black-winged Kite","Elanus caeruleus","Black-winged Kite (Black-shouldered Kite)"
"Bearded Vulture","Gypaetus barbatus","Bearded Vulture (Lammergeier)"
"Egyptian Vulture","Neophron percnopterus","Egyptian Vulture"
"European Honey-buzzard","Pernis apivorus","European Honey-buzzard"
"Oriental Honey-buzzard","Pernis ptilorhynchus","Oriental Honey-buzzard (Crested Honey Buzzard)"
"Jerdon's Baza","Aviceda jerdoni","Jerdon's Baza"
"Black Baza","Aviceda leuphotes","Black Baza"
"Red-headed Vulture","Sarcogyps calvus","Red-headed Vulture"
"Cinereous Vulture","Aegypius monachus","Cinereous Vulture"
"White-rumped Vulture","Gyps bengalensis","White-rumped Vulture"
"Indian Vulture","Gyps indicus","Indian Vulture (Indian Long-billed Vulture)"
"Slender-billed Vulture","Gyps tenuirostris","Slender-billed Vulture (Himalayan Long-billed Vulture)"
"Himalayan Griffon","Gyps himalayensis","Himalayan Griffon (Himalayan Vulture)"
"Eurasian Griffon","Gyps fulvus","Eurasian Griffon (Griffon Vulture)"
"Nicobar Serpent-Eagle","Spilornis klossi","Nicobar Serpent-Eagle"
"Crested Serpent-Eagle","Spilornis cheela","Crested Serpent-Eagle"
"Andaman Serpent-Eagle","Spilornis elgini","Andaman Serpent-Eagle"
"Short-toed Snake-Eagle","Circaetus gallicus","Short-toed Snake-Eagle"
"Changeable Hawk-Eagle","Nisaetus cirrhatus","Changeable Hawk-Eagle"
"Mountain Hawk-Eagle","Nisaetus nipalensis","Mountain Hawk-Eagle"
"Legge's Hawk-Eagle","Nisaetus kelaarti","Legge's Hawk-Eagle"
"Rufous-bellied Eagle","Lophotriorchis kienerii","Rufous-bellied Eagle"
"Black Eagle","Ictinaetus malaiensis","Black Eagle"
"Indian Spotted Eagle","Clanga hastata","Indian Spotted Eagle"
"Greater Spotted Eagle","Clanga clanga","Greater Spotted Eagle"
"Booted Eagle","Hieraaetus pennatus","Booted Eagle"
"Tawny Eagle","Aquila rapax","Tawny Eagle"
"Steppe Eagle","Aquila nipalensis","Steppe Eagle"
"Imperial Eagle","Aquila heliaca","Imperial Eagle"
"Golden Eagle","Aquila chrysaetos","Golden Eagle"
"Bonelli's Eagle","Aquila fasciata","Bonelli's Eagle"
"White-eyed Buzzard","Butastur teesa","White-eyed Buzzard"
"Rufous-winged Buzzard","Butastur liventer","Rufous-winged Buzzard"
"Gray-faced Buzzard","Butastur indicus","Grey-faced Buzzard"
"Western Marsh Harrier","Circus aeruginosus","Western Marsh Harrier"
"Eastern Marsh Harrier","Circus spilonotus","Eastern Marsh Harrier"
"Hen Harrier","Circus cyaneus","Hen Harrier"
"Pallid Harrier","Circus macrourus","Pallid Harrier"
"Pied Harrier","Circus melanoleucos","Pied Harrier"
"Montagu's Harrier","Circus pygargus","Montagu's Harrier"
"Crested Goshawk","Accipiter trivirgatus","Crested Goshawk"
"Shikra","Accipiter badius","Shikra"
"Nicobar Sparrowhawk","Accipiter butleri","Nicobar Sparrowhawk"
"Levant Sparrowhawk","Accipiter brevipes","Levant Sparrowhawk"
"Chinese Sparrowhawk","Accipiter soloensis","Chinese Sparrowhawk"
"Japanese Sparrowhawk","Accipiter gularis","Japanese Sparrowhawk"
"Besra","Accipiter virgatus","Besra"
"Eurasian Sparrowhawk","Accipiter nisus","Eurasian Sparrowhawk"
"Eurasian Goshawk","Accipiter gentilis","Eurasian Goshawk (Northern Goshawk)"
"Red Kite","Milvus milvus","Red Kite"
"Black Kite","Milvus migrans","Black Kite"
"Brahminy Kite","Haliastur indus","Brahminy Kite"
"White-tailed Eagle","Haliaeetus albicilla","White-tailed Eagle"
"Pallas's Fish-Eagle","Haliaeetus leucoryphus","Pallas's Fish-Eagle"
"White-bellied Sea-Eagle","Icthyophaga leucogaster","White-bellied Sea-Eagle"
"Lesser Fish-Eagle","Icthyophaga humilis","Lesser Fish-Eagle"
"Gray-headed Fish-Eagle","Icthyophaga ichthyaetus","Grey-headed Fish-Eagle"
"Rough-legged Hawk","Buteo lagopus","Rough-legged Hawk"
"Common Buzzard","Buteo buteo","Common Buzzard"
"Himalayan Buzzard","Buteo refectus","Himalayan Buzzard"
"Long-legged Buzzard","Buteo rufinus","Long-legged Buzzard"
"Upland Buzzard","Buteo hemilasius","Upland Buzzard"
"Australasian Grass-Owl","Tyto longimembris","Australasian Grass-Owl"
"Barn Owl","Tyto alba","Barn Owl"
"Andaman Masked-Owl","Tyto deroepstorffi","Andaman Masked-Owl"
"Oriental Bay-Owl","Phodilus badius","Oriental Bay-Owl"
"Sri Lanka Bay-Owl","Phodilus assimilis","Sri Lanka Bay-Owl"
"Andaman Scops-Owl","Otus balli","Andaman Scops-Owl"
"Mountain Scops-Owl","Otus spilocephalus","Mountain Scops-Owl"
"Indian Scops-Owl","Otus bakkamoena","Indian Scops-Owl (Collared Scops-Owl)"
"Collared Scops-Owl","Otus lettia","Collared Scops-Owl"
"Nicobar Scops-Owl","Otus alius","Nicobar Scops-Owl"
"Eurasian Scops-Owl","Otus scops","Eurasian Scops-Owl"
"Pallid Scops-Owl","Otus brucei","Pallid Scops-Owl"
"Oriental Scops-Owl","Otus sunia","Oriental Scops-Owl"
"Eurasian Eagle-Owl","Bubo bubo","Eurasian Eagle-Owl"
"Rock Eagle-Owl","Bubo bengalensis","Rock Eagle-Owl (Indian Eagle-Owl)"
"Spot-bellied Eagle-Owl","Ketupa nipalensis","Spot-bellied Eagle-Owl"
"Dusky Eagle-Owl","Ketupa coromanda","Dusky Eagle-Owl"
"Brown Fish-Owl","Ketupa zeylonensis","Brown Fish-Owl"
"Tawny Fish-Owl","Ketupa flavipes","Tawny Fish-Owl"
"Buffy Fish-Owl","Ketupa ketupu","Buffy Fish-Owl"
"Asian Barred Owlet","Glaucidium cuculoides","Asian Barred Owlet"
"Jungle Owlet","Glaucidium radiatum","Jungle Owlet"
"Collared Owlet","Taenioptynx brodiei","Collared Owlet"
"Spotted Owlet","Athene brama","Spotted Owlet"
"Little Owl","Athene noctua","Little Owl"
"Forest Owlet","Athene blewitti","Forest Owlet"
"Mottled Wood-Owl","Strix ocellata","Mottled Wood-Owl"
"Brown Wood-Owl","Strix leptogrammica","Brown Wood-Owl"
"Tawny Owl","Strix aluco","Tawny Owl"
"Himalayan Owl","Strix nivicolum","Himalayan Owl"
"Long-eared Owl","Asio otus","Long-eared Owl"
"Short-eared Owl","Asio flammeus","Short-eared Owl"
"Boreal Owl","Aegolius funereus","Boreal Owl"
"Andaman Boobook","Ninox affinis","Andaman Hawk-Owl"
"Brown Boobook","Ninox scutulata","Brown Hawk-Owl"
"Hume's Boobook","Ninox obscura","Hume's Hawk-Owl"
"Malabar Trogon","Harpactes fasciatus","Malabar Trogon"
"Red-headed Trogon","Harpactes erythrocephalus","Red-headed Trogon"
"Ward's Trogon","Harpactes wardi","Ward's Trogon"
"Eurasian Hoopoe","Upupa epops","Eurasian Hoopoe"
"Great Hornbill","Buceros bicornis","Great Hornbill (Great Pied Hornbill)"
"Brown Hornbill","Anorrhinus austeni","Brown Hornbill"
"Indian Gray Hornbill","Ocyceros birostris","Indian Grey Hornbill"
"Malabar Gray Hornbill","Ocyceros griseus","Malabar Grey Hornbill"
"Malabar Pied-Hornbill","Anthracoceros coronatus","Malabar Pied-Hornbill"
"Oriental Pied-Hornbill","Anthracoceros albirostris","Oriental Pied-Hornbill"
"Rufous-necked Hornbill","Aceros nipalensis","Rufous-necked Hornbill"
"Wreathed Hornbill","Rhyticeros undulatus","Wreathed Hornbill"
"Narcondam Hornbill","Rhyticeros narcondami","Narcondam Hornbill"
"Blyth's Kingfisher","Alcedo hercules","Blyth's Kingfisher"
"Common Kingfisher","Alcedo atthis","Common Kingfisher (Small Blue Kingfisher)"
"Blue-eared Kingfisher","Alcedo meninting","Blue-eared Kingfisher"
"Black-backed Dwarf-Kingfisher","Ceyx erithaca","Black-backed Dwarf-Kingfisher (Oriental Dwarf Kingfisher)"
"Rufous-backed Dwarf-Kingfisher","Ceyx rufidorsa","Rufous-backed Dwarf-Kingfisher"
"Brown-winged Kingfisher","Pelargopsis amauroptera","Brown-winged Kingfisher"
"Stork-billed Kingfisher","Pelargopsis capensis","Stork-billed Kingfisher"
"Ruddy Kingfisher","Halcyon coromanda","Ruddy Kingfisher"
"White-throated Kingfisher","Halcyon smyrnensis","White-throated Kingfisher"
"Black-capped Kingfisher","Halcyon pileata","Black-capped Kingfisher"
"Collared Kingfisher","Todiramphus chloris","Collared Kingfisher"
"Crested Kingfisher","Megaceryle lugubris","Crested Kingfisher"
"Pied Kingfisher","Ceryle rudis","Pied Kingfisher"
"Blue-bearded Bee-eater","Nyctyornis athertoni","Blue-bearded Bee-eater"
"Asian Green Bee-eater","Merops orientalis","Asian Green Bee-eater"
"Blue-throated Bee-eater","Merops viridis","Blue-throated Bee-eater"
"Blue-cheeked Bee-eater","Merops persicus","Blue-cheeked Bee-eater"
"Blue-tailed Bee-eater","Merops philippinus","Blue-tailed Bee-eater"
"European Bee-eater","Merops apiaster","European Bee-eater"
"Chestnut-headed Bee-eater","Merops leschenaulti","Chestnut-headed Bee-eater"
"European Roller","Coracias garrulus","European Roller"
"Indian Roller","Coracias benghalensis","Indian Roller"
"Indochinese Roller","Coracias affinis","Indochinese Roller (Black-billed Roller)"
"Dollarbird","Eurystomus orientalis","Oriental Dollarbird"
"Malabar Barbet","Psilopogon malabaricus","Malabar Barbet (Crimson-throated Barbet)"
"Coppersmith Barbet","Psilopogon haemacephalus","Coppersmith Barbet"
"Blue-eared Barbet","Psilopogon cyanotis","Blue-eared Barbet"
"Great Barbet","Psilopogon virens","Great Barbet"
"Lineated Barbet","Psilopogon lineatus","Lineated Barbet"
"Brown-headed Barbet","Psilopogon zeylanicus","Brown-headed Barbet (Large Green Barbet)"
"White-cheeked Barbet","Psilopogon viridis","White-cheeked Barbet (Small Green Barbet)"
"Golden-throated Barbet","Psilopogon franklinii","Golden-throated Barbet"
"Blue-throated Barbet","Psilopogon asiaticus","Blue-throated Barbet"
"Yellow-rumped Honeyguide","Indicator xanthonotus","Yellow-rumped Honeyguide"
"Eurasian Wryneck","Jynx torquilla","Eurasian Wryneck"
"Speckled Piculet","Picumnus innominatus","Speckled Piculet"
"White-browed Piculet","Sasia ochracea","White-browed Piculet"
"Heart-spotted Woodpecker","Hemicircus canente","Heart-spotted Woodpecker"
"Brown-capped Pygmy Woodpecker","Yungipicus nanus","Brown-capped Pygmy Woodpecker (Indian Pygmy Woodpecker)"
"Gray-capped Pygmy Woodpecker","Yungipicus canicapillus","Grey-capped Pygmy Woodpecker"
"Yellow-crowned Woodpecker","Leiopicus mahrattensis","Yellow-crowned Woodpecker"
"Brown-fronted Woodpecker","Dendrocoptes auriceps","Brown-fronted Woodpecker"
"Rufous-bellied Woodpecker","Dendrocopos hyperythrus","Rufous-bellied Woodpecker"
"Fulvous-breasted Woodpecker","Dendrocopos macei","Fulvous-breasted Woodpecker"
"Freckle-breasted Woodpecker","Dendrocopos analis","Freckle-breasted Woodpecker (Spot-breasted Woodpecker)"
"Stripe-breasted Woodpecker","Dendrocopos atratus","Stripe-breasted Woodpecker"
"Darjeeling Woodpecker","Dendrocopos darjellensis","Darjeeling Woodpecker"
"Great Spotted Woodpecker","Dendrocopos major","Great Spotted Woodpecker"
"Himalayan Woodpecker","Dendrocopos himalayensis","Himalayan Woodpecker"
"Sind Woodpecker","Dendrocopos assimilis","Sind Woodpecker"
"Crimson-naped Woodpecker","Dryobates cathpharius","Crimson-breasted Woodpecker (Crimson-naped Woodpecker)"
"Bay Woodpecker","Blythipicus pyrrhotis","Bay Woodpecker"
"Greater Flameback","Chrysocolaptes guttacristatus","Greater Flameback"
"Malabar Flameback","Chrysocolaptes socialis","Malabar Flameback"
"White-naped Woodpecker","Chrysocolaptes festivus","White-naped Woodpecker"
"Rufous Woodpecker","Micropternus brachyurus","Rufous Woodpecker"
"Pale-headed Woodpecker","Gecinulus grantia","Pale-headed Woodpecker"
"Himalayan Flameback","Dinopium shorii","Himalayan Flameback"
"Common Flameback","Dinopium javanense","Common Flameback (Goldenbacked Three-toed Woodpecker)"
"Black-rumped Flameback","Dinopium benghalense","Black-rumped Flameback (Lesser Goldenbacked Woodpecker)"
"Lesser Yellownape","Picus chlorolophus","Lesser Yellownape"
"Streak-throated Woodpecker","Picus xanthopygaeus","Streak-throated Woodpecker"
"Scaly-bellied Woodpecker","Picus squamatus","Scaly-bellied Woodpecker"
"Gray-headed Woodpecker","Picus canus","Grey-headed Woodpecker"
"Greater Yellownape","Chrysophlegma flavinucha","Greater Yellownape"
"Great Slaty Woodpecker","Mulleripicus pulverulentus","Great Slaty Woodpecker"
"White-bellied Woodpecker","Dryocopus javensis","White-bellied Woodpecker (Great Black Woodpecker)"
"Andaman Woodpecker","Dryocopus hodgei","Andaman Woodpecker"
"Collared Falconet","Microhierax caerulescens","Collared Falconet"
"Pied Falconet","Microhierax melanoleucos","Pied Falconet"
"Lesser Kestrel","Falco naumanni","Lesser Kestrel"
"Eurasian Kestrel","Falco tinnunculus","Eurasian Kestrel (Common Kestrel)"
"Red-necked Falcon","Falco chicquera","Red-necked Falcon"
"Red-footed Falcon","Falco vespertinus",NA
"Amur Falcon","Falco amurensis","Amur Falcon"
"Merlin","Falco columbarius","Merlin"
"Eurasian Hobby","Falco subbuteo","Eurasian Hobby"
"Oriental Hobby","Falco severus","Oriental Hobby"
"Laggar Falcon","Falco jugger","Laggar Falcon"
"Saker Falcon","Falco cherrug","Saker Falcon"
"Peregrine Falcon","Falco peregrinus","Peregrine Falcon"
"Alexandrine Parakeet","Psittacula eupatria","Alexandrine Parakeet"
"Rose-ringed Parakeet","Psittacula krameri","Rose-ringed Parakeet"
"Slaty-headed Parakeet","Psittacula himalayana","Slaty-headed Parakeet"
"Gray-headed Parakeet","Psittacula finschii","Grey-headed Parakeet"
"Plum-headed Parakeet","Psittacula cyanocephala","Plum-headed Parakeet"
"Blossom-headed Parakeet","Psittacula roseata","Blossom-headed Parakeet"
"Malabar Parakeet","Psittacula columboides","Malabar Parakeet (Blue-winged Parakeet)"
"Derbyan Parakeet","Psittacula derbiana","Derbyan Parakeet"
"Red-breasted Parakeet","Psittacula alexandri","Red-breasted Parakeet"
"Nicobar Parakeet","Psittacula caniceps","Nicobar Parakeet"
"Long-tailed Parakeet","Psittacula longicauda","Long-tailed Parakeet"
"Vernal Hanging-Parrot","Loriculus vernalis","Vernal Hanging-Parrot (Indian Lorikeet)"
"Long-tailed Broadbill","Psarisomus dalhousiae","Long-tailed Broadbill"
"Gray-lored Broadbill","Serilophus rubropygius","Silver-breasted Broadbill (Grey-lored Broadbill)"
"Blue-naped Pitta","Hydrornis nipalensis","Blue-naped Pitta"
"Blue Pitta","Hydrornis cyaneus","Blue Pitta"
"Indian Pitta","Pitta brachyura","Indian Pitta"
"Blue-winged Pitta","Pitta moluccensis","Blue-winged Pitta"
"Nicobar Hooded Pitta","Pitta abbotti","Nicobar Hooded Pitta"
"Western Hooded Pitta","Pitta sordida","Western Hooded Pitta"
"Mangrove Pitta","Pitta megarhyncha","Mangrove Pitta"
"White-bellied Minivet","Pericrocotus erythropygius","White-bellied Minivet"
"Small Minivet","Pericrocotus cinnamomeus","Small Minivet"
"Gray-chinned Minivet","Pericrocotus solaris","Grey-chinned Minivet"
"Short-billed Minivet","Pericrocotus brevirostris","Short-billed Minivet"
"Long-tailed Minivet","Pericrocotus ethologus","Long-tailed Minivet"
"Orange Minivet","Pericrocotus flammeus","Orange Minivet"
"Scarlet Minivet","Pericrocotus speciosus","Scarlet Minivet"
"Ashy Minivet","Pericrocotus divaricatus","Ashy Minivet"
"Brown-rumped Minivet","Pericrocotus cantonensis","Brown-rumped Minivet"
"Rosy Minivet","Pericrocotus roseus","Rosy Minivet"
"Large Cuckooshrike","Coracina macei","Large Cuckooshrike"
"Andaman Cuckooshrike","Coracina dobsoni","Andaman Cuckooshrike"
"Pied Triller","Lalage nigra","Pied Triller"
"Black-winged Cuckooshrike","Lalage melaschistos","Black-winged Cuckooshrike"
"Black-headed Cuckooshrike","Lalage melanoptera","Black-headed Cuckooshrike"
"Black-headed Shrike-Babbler","Pteruthius rufiventer","Black-headed Shrike-Babbler"
"White-browed Shrike-Babbler","Pteruthius aeralatus","White-browed Shrike-Babbler"
"Green Shrike-Babbler","Pteruthius xanthochlorus","Green Shrike-Babbler"
"Black-eared Shrike-Babbler","Pteruthius melanotis","Black-eared Shrike-Babbler"
"Clicking Shrike-Babbler","Pteruthius intermedius","Clicking Shrike-Babbler"
"White-bellied Erpornis","Erpornis zantholeuca","White-bellied Erpornis (White-bellied Yuhina)"
"Mangrove Whistler","Pachycephala cinerea","Mangrove Whistler"
"Eurasian Golden Oriole","Oriolus oriolus","Eurasian Golden Oriole"
"Indian Golden Oriole","Oriolus kundoo","Indian Golden Oriole"
"Black-naped Oriole","Oriolus chinensis","Black-naped Oriole"
"Slender-billed Oriole","Oriolus tenuirostris","Slender-billed Oriole"
"Black-hooded Oriole","Oriolus xanthornus","Black-hooded Oriole"
"Maroon Oriole","Oriolus traillii","Maroon Oriole"
"Ashy Woodswallow","Artamus fuscus","Ashy Woodswallow"
"White-breasted Woodswallow","Artamus leucorynchus","White-breasted Woodswallow"
"Malabar Woodshrike","Tephrodornis sylvicola","Malabar Woodshrike"
"Large Woodshrike","Tephrodornis virgatus","Large Woodshrike"
"Common Woodshrike","Tephrodornis pondicerianus","Common Woodshrike"
"Bar-winged Flycatcher-shrike","Hemipus picatus","Bar-winged Flycatcher-shrike"
"Common Iora","Aegithina tiphia","Common Iora"
"White-tailed Iora","Aegithina nigrolutea","White-tailed Iora (Marshall's Iora)"
"White-throated Fantail","Rhipidura albicollis","White-throated Fantail"
"Spot-breasted Fantail","Rhipidura albogularis","Spot-breasted Fantail (White-spotted Fantail)"
"White-browed Fantail","Rhipidura aureola","White-browed Fantail"
"Black Drongo","Dicrurus macrocercus","Black Drongo"
"Ashy Drongo","Dicrurus leucophaeus","Ashy Drongo"
"White-bellied Drongo","Dicrurus caerulescens","White-bellied Drongo"
"Crow-billed Drongo","Dicrurus annectens","Crow-billed Drongo"
"Bronzed Drongo","Dicrurus aeneus","Bronzed Drongo"
"Lesser Racket-tailed Drongo","Dicrurus remifer","Lesser Racket-tailed Drongo"
"Hair-crested Drongo","Dicrurus hottentottus","Hair-crested Drongo (Spangled Drongo)"
"Andaman Drongo","Dicrurus andamanensis","Andaman Drongo"
"Greater Racket-tailed Drongo","Dicrurus paradiseus","Greater Racket-tailed Drongo"
"Black-naped Monarch","Hypothymis azurea","Black-naped Monarch"
"Amur Paradise-Flycatcher","Terpsiphone incei","Amur Paradise-Flycatcher"
"Blyth's Paradise-Flycatcher","Terpsiphone affinis","Blyth's Paradise-Flycatcher"
"Indian Paradise-Flycatcher","Terpsiphone paradisi","Indian Paradise-Flycatcher"
"Red-backed Shrike","Lanius collurio","Red-backed Shrike"
"Red-tailed Shrike","Lanius phoenicuroides","Red-tailed Shrike"
"Isabelline Shrike","Lanius isabellinus","Isabelline Shrike"
"Brown Shrike","Lanius cristatus","Brown Shrike"
"Burmese Shrike","Lanius collurioides","Burmese Shrike"
"Bay-backed Shrike","Lanius vittatus","Bay-backed Shrike"
"Long-tailed Shrike","Lanius schach","Long-tailed Shrike"
"Gray-backed Shrike","Lanius tephronotus","Grey-backed Shrike"
"Great Gray Shrike","Lanius excubitor","Great Grey Shrike"
"Lesser Gray Shrike","Lanius minor","Lesser Grey Shrike"
"Masked Shrike","Lanius nubicus","Masked Shrike"
"Woodchat Shrike","Lanius senator","Woodchat Shrike"
"Eurasian Jay","Garrulus glandarius","Eurasian Jay"
"Black-headed Jay","Garrulus lanceolatus","Black-headed Jay"
"Yellow-billed Blue-Magpie","Urocissa flavirostris","Yellow-billed Blue Magpie"
"Red-billed Blue-Magpie","Urocissa erythroryncha","Red-billed Blue-Magpie"
"Common Green-Magpie","Cissa chinensis","Common Green-Magpie"
"Rufous Treepie","Dendrocitta vagabunda","Rufous Treepie"
"Gray Treepie","Dendrocitta formosae","Grey Treepie"
"White-bellied Treepie","Dendrocitta leucogastra","White-bellied Treepie"
"Collared Treepie","Dendrocitta frontalis","Collared Treepie"
"Andaman Treepie","Dendrocitta bayleii","Andaman Treepie"
"Black-rumped Magpie","Pica bottanensis","Black-rumped Magpie"
"Eurasian Magpie","Pica pica","Eurasian Magpie"
"Eurasian Nutcracker","Nucifraga caryocatactes","Eurasian Nutcracker (Spotted Nutcracker)"
"Kashmir Nutcracker","Nucifraga multipunctata","Kashmir Nutcracker (Large-spotted Nutcracker)"
"Red-billed Chough","Pyrrhocorax pyrrhocorax","Red-billed Chough"
"Yellow-billed Chough","Pyrrhocorax graculus","Yellow-billed Chough (Alpine Chough)"
"Eurasian Jackdaw","Corvus monedula","Eurasian Jackdaw"
"House Crow","Corvus splendens","House Crow"
"Rook","Corvus frugilegus","Rook"
"Carrion Crow","Corvus corone","Carrion Crow"
"Hooded Crow","Corvus cornix","Hooded Crow"
"Large-billed Crow","Corvus macrorhynchos","Large-billed Crow"
"Pied Crow","Corvus albus","Pied Crow"
"Common Raven","Corvus corax","Common Raven (Northern Raven)"
"Yellow-bellied Fairy-Fantail","Chelidorhynx hypoxanthus","Yellow-bellied Fantail"
"Gray-headed Canary-Flycatcher","Culicicapa ceylonensis","Grey-headed Canary-Flycatcher"
"Fire-capped Tit","Cephalopyrus flammiceps","Fire-capped Tit"
"Yellow-browed Tit","Sylviparus modestus","Yellow-browed Tit"
"Sultan Tit","Melanochlora sultanea","Sultan Tit"
"Coal Tit","Periparus ater","Coal Tit"
"Rufous-naped Tit","Periparus rufonuchalis","Rufous-naped Tit (Black-breasted Tit)"
"Rufous-vented Tit","Periparus rubidiventris","Rufous-vented Tit"
"Gray-crested Tit","Lophophanes dichrous","Grey-crested Tit"
"Azure Tit","Cyanistes cyanus","Azure Tit"
"Ground Tit","Pseudopodoces humilis","Ground Tit (Groundpecker)"
"Green-backed Tit","Parus monticolus","Green-backed Tit"
"Cinereous Tit","Parus cinereus","Cinereous Tit (Great Tit)"
"White-naped Tit","Machlolophus nuchalis","White-naped Tit (Pied Tit)"
"Himalayan Black-lored Tit","Machlolophus xanthogenys","Himalayan Black-lored Tit"
"Indian Yellow Tit","Machlolophus aplonotus","Indian Yellow Tit"
"Yellow-cheeked Tit","Machlolophus spilonotus","Yellow-cheeked Tit"
"White-crowned Penduline-Tit","Remiz coronatus","White-crowned Penduline-Tit"
"Greater Hoopoe-Lark","Alaemon alaudipes","Greater Hoopoe-Lark"
"Rufous-tailed Lark","Ammomanes phoenicura","Rufous-tailed Lark"
"Desert Lark","Ammomanes deserti","Desert Lark"
"Black-crowned Sparrow-Lark","Eremopterix nigriceps","Black-crowned Sparrow-Lark"
"Ashy-crowned Sparrow-Lark","Eremopterix griseus","Ashy-crowned Sparrow-Lark (Ashy-crowned Finch-Lark)"
"Singing Bushlark","Mirafra javanica","Singing Bushlark"
"Bengal Bushlark","Mirafra assamica","Bengal Bushlark"
"Jerdon's Bushlark","Mirafra affinis","Jerdon's Bushlark"
"Indian Bushlark","Mirafra erythroptera","Indian Bushlark (Red-winged Bushlark)"
"Horned Lark","Eremophila alpestris","Horned Lark"
"Greater Short-toed Lark","Calandrella brachydactyla","Greater Short-toed Lark"
"Mongolian Short-toed Lark","Calandrella dukhunensis","Mongolian Short-toed Lark"
"Hume's Lark","Calandrella acutirostris","Hume's Lark (Hume's Short-toed Lark)"
"Bimaculated Lark","Melanocorypha bimaculata","Bimaculated Lark"
"Tibetan Lark","Melanocorypha maxima","Tibetan Lark"
"Turkestan Short-toed Lark","Alaudala heinei","Turkestan Short-toed Lark (Lesser Short-toed Lark)"
"Sand Lark","Alaudala raytal","Sand Lark"
"Eurasian Skylark","Alauda arvensis","Eurasian Skylark"
"Oriental Skylark","Alauda gulgula","Oriental Skylark"
"Crested Lark","Galerida cristata","Crested Lark"
"Malabar Lark","Galerida malabarica","Malabar Lark"
"Tawny Lark","Galerida deva","Tawny Lark (Sykes's Lark)"
"Common Tailorbird","Orthotomus sutorius","Common Tailorbird"
"Dark-necked Tailorbird","Orthotomus atrogularis","Dark-necked Tailorbird"
"Himalayan Prinia","Prinia crinigera","Himalayan Prinia (Striated Prinia)"
"Black-throated Prinia","Prinia atrogularis","Black-throated Prinia"
"Rufous-crowned Prinia","Prinia khasiana","Rufous-crowned Prinia"
"Hill Prinia","Prinia superciliaris","Hill Prinia"
"Gray-crowned Prinia","Prinia cinereocapilla","Grey-crowned Prinia"
"Rufous-fronted Prinia","Prinia buchanani","Rufous-fronted Prinia"
"Rufescent Prinia","Prinia rufescens","Rufescent Prinia"
"Gray-breasted Prinia","Prinia hodgsonii","Grey-breasted Prinia"
"Delicate Prinia","Prinia lepida","Delicate Prinia (Indian Graceful Prinia)"
"Jungle Prinia","Prinia sylvatica","Jungle Prinia"
"Yellow-bellied Prinia","Prinia flaviventris","Yellow-bellied Prinia"
"Ashy Prinia","Prinia socialis","Ashy Prinia"
"Plain Prinia","Prinia inornata","Plain Prinia"
"Zitting Cisticola","Cisticola juncidis","Zitting Cisticola"
"Golden-headed Cisticola","Cisticola exilis","Golden-headed Cisticola (Bright-headed Cisticola)"
"Thick-billed Warbler","Arundinax aedon","Thick-billed Warbler"
"Booted Warbler","Iduna caligata","Booted Warbler"
"Sykes's Warbler","Iduna rama","Sykes's Warbler"
"Black-browed Reed Warbler","Acrocephalus bistrigiceps","Black-browed Reed Warbler"
"Moustached Warbler","Acrocephalus melanopogon","Moustached Warbler"
"Sedge Warbler","Acrocephalus schoenobaenus","Sedge Warbler"
"Paddyfield Warbler","Acrocephalus agricola","Paddyfield Warbler"
"Blunt-winged Warbler","Acrocephalus concinens","Blunt-winged Warbler"
"Blyth's Reed Warbler","Acrocephalus dumetorum","Blyth's Reed Warbler"
"Large-billed Reed Warbler","Acrocephalus orinus","Large-billed Reed Warbler"
"Great Reed Warbler","Acrocephalus arundinaceus","Great Reed Warbler"
"Oriental Reed Warbler","Acrocephalus orientalis","Oriental Reed Warbler"
"Clamorous Reed Warbler","Acrocephalus stentoreus","Clamorous Reed Warbler (Indian Great Reed Warbler)"
"Pallas's Grasshopper Warbler","Helopsaltes certhiola","Pallas's Grasshopper Warbler"
"Lanceolated Warbler","Locustella lanceolata","Lanceolated Warbler"
"Brown Bush Warbler","Locustella luteoventris","Brown Bush Warbler"
"Common Grasshopper Warbler","Locustella naevia","Common Grasshopper Warbler"
"Long-billed Bush Warbler","Locustella major","Long-billed Bush Warbler"
"Chinese Bush Warbler","Locustella tacsanowskia","Chinese Bush Warbler"
"Baikal Bush Warbler","Locustella davidi","Baikal Bush Warbler"
"West Himalayan Bush Warbler","Locustella kashmirensis","West Himalayan Bush Warbler"
"Spotted Bush Warbler","Locustella thoracica","Spotted Bush Warbler"
"Russet Bush Warbler","Locustella mandelli","Russet Bush Warbler"
"Broad-tailed Grassbird","Schoenicola platyurus","Broad-tailed Grassbird"
"Bristled Grassbird","Schoenicola striatus","Bristled Grassbird"
"Striated Grassbird","Megalurus palustris","Striated Grassbird"
"Scaly-breasted Cupwing","Pnoepyga albiventer","Scaly-breasted Cupwing (Scaly-breasted Wren-babbler)"
"Immaculate Cupwing","Pnoepyga immaculata","Immaculate Cupwing (Nepal Wren-babbler)"
"Pygmy Cupwing","Pnoepyga pusilla","Pygmy Cupwing (Pygmy Wren-babbler)"
"Gray-throated Martin","Riparia chinensis","Grey-throated Martin (Plain Martin)"
"Bank Swallow","Riparia riparia","Bank Swallow (Sand Martin)"
"Pale Martin","Riparia diluta","Pale Martin (Pale Sand Martin)"
"Eurasian Crag-Martin","Ptyonoprogne rupestris","Eurasian Crag-Martin"
"Dusky Crag-Martin","Ptyonoprogne concolor","Dusky Crag-Martin"
"Barn Swallow","Hirundo rustica","Barn Swallow"
"Wire-tailed Swallow","Hirundo smithii","Wire-tailed Swallow"
"Hill Swallow","Hirundo domicola","Hill Swallow (House Swallow)"
"Pacific Swallow","Hirundo tahitica","Pacific Swallow"
"Red-rumped Swallow","Cecropis daurica","Red-rumped Swallow"
"Striated Swallow","Cecropis striolata","Striated Swallow"
"Streak-throated Swallow","Petrochelidon fluvicola","Streak-throated Swallow"
"Western House-Martin","Delichon urbicum","Northern House-Martin (Western House-Martin)"
"Siberian House-Martin","Delichon lagopodum","Siberian House-Martin"
"Asian House-Martin","Delichon dasypus","Asian House-Martin"
"Nepal House-Martin","Delichon nipalense","Nepal House-Martin"
"Gray-headed Bulbul","Microtarsus priocephalus","Grey-headed Bulbul"
"Black-headed Bulbul","Microtarsus melanocephalos","Black-headed Bulbul"
"Andaman Bulbul","Microtarsusfuscoflavescens",NA
"Black-crested Bulbul","Rubigula flaviventris","Black-crested Bulbul"
"Flame-throated Bulbul","Rubigula gularis","Flame-throated Bulbul (Ruby-throated Bulbul)"
"Crested Finchbill","Spizixos canifrons","Crested Finchbill"
"Striated Bulbul","Alcurus striatus","Striated Bulbul"
"Red-vented Bulbul","Pycnonotus cafer","Red-vented Bulbul"
"Red-whiskered Bulbul","Pycnonotus jocosus","Red-whiskered Bulbul"
"White-eared Bulbul","Pycnonotus leucotis","White-eared Bulbul"
"Himalayan Bulbul","Pycnonotus leucogenys","Himalayan Bulbul"
"Yellow-throated Bulbul","Pycnonotus xantholaemus","Yellow-throated Bulbul"
"Flavescent Bulbul","Pycnonotus flavescens","Flavescent Bulbul"
"White-browed Bulbul","Pycnonotus luteolus","White-browed Bulbul"
"White-throated Bulbul","Alophoixus flaveolus","White-throated Bulbul"
"Gray-eyed Bulbul","Iole propinqua","Grey-eyed Bulbul"
"Cachar Bulbul","Iole cacharensis","CacharBulbul(IndianOliveBulbul)"
"Yellow-browed Bulbul","Acritillas indica","Yellow-browed Bulbul"
"Black Bulbul","Hypsipetes leucocephalus","Himalayan Black Bulbul"
"Square-tailed Bulbul","Hypsipetes ganeesa","Square-tailed Bulbul (Black Bulbul)"
"Nicobar Bulbul","Ixos nicobariensis","Nicobar Bulbul"
"Ashy Bulbul","Hemixos flavala","Ashy Bulbul"
"Mountain Bulbul","Ixos mcclellandii","Mountain Bulbul"
"Wood Warbler","Phylloscopus sibilatrix","Wood Warbler"
"Ashy-throated Warbler","Phylloscopus maculipennis","Ashy-throated Warbler"
"Buff-barred Warbler","Phylloscopus pulcher","Buff-barred Warbler"
"Yellow-browed Warbler","Phylloscopus inornatus","Yellow-browed Warbler"
"Hume's Warbler","Phylloscopus humei","Hume's Warbler"
"Brooks's Leaf Warbler","Phylloscopus subviridis","Brooks's Leaf Warbler"
"Chinese Leaf Warbler","Phylloscopus yunnanensis","Chinese Leaf Warbler"
"Pallas's Leaf Warbler","Phylloscopus proregulus","Pallas's Leaf Warbler"
"Lemon-rumped Warbler","Phylloscopus chloronotus","Lemon-rumped Warbler"
"Sichuan Leaf Warbler","Phylloscopus forresti","Sichuan Leaf Warbler"
"Tytler's Leaf Warbler","Phylloscopus tytleri","Tytler's Leaf Warbler"
"Sulphur-bellied Warbler","Phylloscopus griseolus","Sulphur-bellied Warbler"
"Tickell's Leaf Warbler","Phylloscopus affinis","Tickell's Leaf Warbler"
"Dusky Warbler","Phylloscopus fuscatus","Dusky Warbler"
"Smoky Warbler","Phylloscopus fuligiventer","Smoky Warbler"
"Plain Leaf Warbler","Phylloscopus neglectus","Plain Leaf Warbler"
"Buff-throated Warbler","Phylloscopus subaffinis","Buff-throated Warbler"
"Willow Warbler","Phylloscopus trochilus","Willow Warbler"
"Mountain Chiffchaff","Phylloscopus sindianus","Mountain Chiffchaff"
"Common Chiffchaff","Phylloscopus collybita","Common Chiffchaff"
"White-spectacled Warbler","Phylloscopus intermedius","White-spectacled Warbler"
"Gray-cheeked Warbler","Phylloscopus poliogenys","Grey-cheeked Warbler"
"Green-crowned Warbler","Phylloscopus burkii","Green-crowned Warbler (Golden-spectacled Warbler)"
"Gray-crowned Warbler","Phylloscopus tephrocephalus","Grey-crowned Warbler"
"Whistler's Warbler","Phylloscopus whistleri","Whistler's Warbler"
"Green Warbler","Phylloscopus nitidus","Green Warbler"
"Greenish Warbler","Phylloscopus trochiloides","Greenish Warbler"
"Two-barred Warbler","Phylloscopus plumbeitarsus","Two-barred Warbler"
"Large-billed Leaf Warbler","Phylloscopus magnirostris","Large-billed Leaf Warbler"
"Pale-legged Leaf Warbler","Phylloscopus tenellipes","Pale-legged Leaf Warbler"
"Sakhalin Leaf Warbler","Phylloscopus borealoides","Sakhalin Leaf Warbler"
"Arctic Warbler","Phylloscopus borealis","Arctic Warbler"
"Chestnut-crowned Warbler","Phylloscopus castaniceps","Chestnut-crowned Warbler"
"Yellow-vented Warbler","Phylloscopus cantator","Yellow-vented Warbler"
"Western Crowned Warbler","Phylloscopus occipitalis","Western Crowned Warbler"
"Blyth's Leaf Warbler","Phylloscopus reguloides","Blyth's Leaf Warbler"
"Claudia's Leaf Warbler","Phylloscopus claudiae","Claudia's Leaf Warbler"
"Gray-hooded Warbler","Phylloscopus xanthoschistos","Grey-hooded Warbler"
"Pale-footed Bush Warbler","Hemitesia pallidipes","Pale-footed Bush Warbler"
"Asian Stubtail","Urosphena squameiceps","Asian Stubtail"
"Gray-bellied Tesia","Tesia cyaniventer","Grey-bellied Tesia"
"Slaty-bellied Tesia","Tesia olivea","Slaty-bellied Tesia"
"Chestnut-crowned Bush Warbler","Cettia major","Chestnut-crowned Bush Warbler"
"Gray-sided Bush Warbler","Cettia brunnifrons","Grey-sided Bush Warbler"
"Chestnut-headed Tesia","Cettia castaneocoronata","Chestnut-headed Tesia"
"Cetti's Warbler","Cettia cetti","Cetti's Warbler"
"Yellow-bellied Warbler","Abroscopus superciliaris","Yellow-bellied Warbler"
"Rufous-faced Warbler","Abroscopus albogularis","Rufous-faced Warbler"
"Black-faced Warbler","Abroscopus schisticeps","Black-faced Warbler"
"Mountain Tailorbird","Phyllergates cucullatus","Mountain Tailorbird"
"Broad-billed Warbler","Tickellia hodgsoni","Broad-billed Warbler"
"Manchurian Bush Warbler","Horornis canturians","Manchurian Bush Warbler"
"Brownish-flanked Bush Warbler","Horornis fortipes","Brownish-flanked Bush Warbler"
"Hume's Bush Warbler","Horornis brunnescens","Hume's Bush Warbler"
"Aberrant Bush Warbler","Horornis flavolivaceus","Aberrant Bush Warbler"
"White-browed Tit-Warbler","Leptopoecile sophiae","White-browed Tit-Warbler"
"Crested Tit-Warbler","Leptopoecile elegans","Crested Tit-Warbler"
"White-cheeked Tit","Aegithalos leucogenys",NA
"Black-throated Tit","Aegithalos concinnus","Black-throated Tit (Black-throated Bushtit)"
"White-throated Tit","Aegithalos niveogularis","White-throated Tit (White-throated Bushtit)"
"Black-browed Tit","Aegithalos iouschistos","Black-browed/Rufous-fronted Bushtit"
"Eurasian Blackcap","Sylvia atricapilla","Eurasian Blackcap"
"Garden Warbler","Sylvia borin","Garden Warbler"
"Barred Warbler","Curruca nisoria","Barred Warbler"
"Lesser Whitethroat","Curruca curruca","Lesser Whitethroat"
"Eastern Orphean Warbler","Curruca crassirostris","Eastern Orphean Warbler"
"Asian Desert Warbler","Curruca nana","Asian Desert Warbler"
"Greater Whitethroat","Curruca communis","Greater Whitethroat (Common Whitethroat)"
"Fire-tailed Myzornis","Myzornis pyrrhoura","Fire-tailed Myzornis"
"Golden-breasted Fulvetta","Lioparus chrysotis","Golden-breasted Fulvetta"
"Yellow-eyed Babbler","Chrysomma sinense","Yellow-eyed Babbler"
"Jerdon's Babbler","Chrysomma altirostre","Jerdon's Babbler"
"Brown-throated Fulvetta","Fulvetta ludlowi","Brown-throated Fulvetta (Ludlow's Fulvetta)"
"White-browed Fulvetta","Fulvetta vinipectus","White-browed Fulvetta"
"Manipur Fulvetta","Fulvetta manipurensis","Manipur Fulvetta"
"Black-breasted Parrotbill","Paradoxornis flavirostris","Black-breasted Parrotbill"
"Spot-breasted Parrotbill","Paradoxornis guttaticollis","Spot-breasted Parrotbill"
"Great Parrotbill","Conostoma aemodium","Great Parrotbill"
"Brown Parrotbill","Cholornis unicolor","Brown Parrotbill"
"Gray-headed Parrotbill","Psittiparus gularis","Grey-headed Parrotbill"
"White-breasted Parrotbill","Psittiparus ruficeps","White-breasted Parrotbill (Greater Rufous-headed Parrotbill)"
"Rufous-headed Parrotbill","Psittiparus bakeri","Rufous-headed Parrotbill"
"Fulvous Parrotbill","Suthora fulvifrons","Fulvous Parrotbill"
"Black-throated Parrotbill","Suthora nipalensis","Black-throated Parrotbill"
"Pale-billed Parrotbill","Suthora atrosuperciliaris","Pale-billed Parrotbill (Lesser Rufous-headed Parrotbill)"
"Striated Yuhina","Staphida castaniceps","Striated Yuhina"
"Black-chinned Yuhina","Yuhina nigrimenta","Black-chinned Yuhina"
"Whiskered Yuhina","Yuhina flavicollis","Whiskered Yuhina"
"White-naped Yuhina","Yuhina bakeri","White-naped Yuhina"
"Stripe-throated Yuhina","Yuhina gularis","Stripe-throated Yuhina"
"Rufous-vented Yuhina","Yuhina occipitalis","Rufous-vented Yuhina"
"Chestnut-flanked White-eye","Zosterops erythropleurus","Chestnut-flanked White-eye"
"Indian White-eye","Zosterops palpebrosus","Indian White-eye (Oriental White-eye)"
"Chestnut-capped Babbler","Timalia pileata","Chestnut-capped Babbler"
"Tawny-bellied Babbler","Dumetia hyperythra","Tawny-bellied Babbler"
"Dark-fronted Babbler","Dumetia atriceps","Dark-fronted Babbler"
"Pin-striped Tit-Babbler","Mixornis gularis","Pin-striped Tit-Babbler"
"Golden Babbler","Cyanoderma chrysaeum","Golden Babbler"
"Black-chinned Babbler","Cyanoderma pyrrhops","Black-chinned Babbler"
"Rufous-capped Babbler","Cyanoderma ruficeps","Rufous-capped Babbler"
"Buff-chested Babbler","Cyanoderma ambiguum","Buff-chested Babbler (Indian Rufous-fronted Babbler)"
"Rufous-throated Wren-Babbler","Spelaeornis caudatus","Rufous-throated Wren-Babbler"
"Mishmi Wren-Babbler","Spelaeornis badeigularis","Mishmi Wren-Babbler (Rusty-throated Wren-Babbler)"
"Bar-winged Wren-Babbler","Spelaeornis troglodytoides","Bar-winged Wren-Babbler"
"Naga Wren-Babbler","Spelaeornis chocolatinus","Naga Wren-Babbler (Long-tailed Wren-Babbler)"
"Chin Hills Wren-Babbler","Spelaeornis oatesi","Chin Hills Wren-Babbler"
"Tawny-breasted Wren-Babbler","Spelaeornis longicaudatus","Tawny-breasted Wren-Babbler"
"Black-crowned Scimitar-Babbler","Pomatorhinus ferruginosus","Black-crowned Scimitar-Babbler"
"Brown-crowned Scimitar-Babbler","Pomatorhinus phayrei","Brown-crowned Scimitar-Babbler"
"Red-billed Scimitar-Babbler","Pomatorhinus ochraceiceps","Red-billed Scimitar-Babbler"
"Slender-billed Scimitar-Babbler","Pomatorhinus superciliaris","Slender-billed Scimitar-Babbler"
"Streak-breasted Scimitar-Babbler","Pomatorhinus ruficollis","Streak-breasted Scimitar-Babbler"
"White-browed Scimitar-Babbler","Pomatorhinus schisticeps","White-browed Scimitar-Babbler"
"Indian Scimitar-Babbler","Pomatorhinus horsfieldii","Indian Scimitar-Babbler"
"Large Scimitar-Babbler","Erythrogenys hypoleucos","Large Scimitar-Babbler"
"Rusty-cheeked Scimitar-Babbler","Erythrogenys erythrogenys","Rusty-cheeked Scimitar-Babbler"
"Spot-breasted Scimitar-Babbler","Erythrogenys mcclellandi","Spot-breasted Scimitar-Babbler"
"Gray-throated Babbler","Stachyris nigriceps","Grey-throated Babbler"
"Sikkim Wedge-billed Babbler","Stachyris humei","Sikkim Wedge-billed Babbler (Blackish-breasted Babbler)"
"Cachar Wedge-billed Babbler","Stachyris roberti","Cachar Wedge-billed Babbler (Chevron-breasted Babbler)"
"Snowy-throated Babbler","Stachyris oglei","Snowy-throated Babbler"
"Indian Grassbird","Graminicola bengalensis","Indian Grassbird (Rufous-rumped Grassbird)"
"White-hooded Babbler","Gampsorhynchus rufulus","White-hooded Babbler"
"Yellow-throated Fulvetta","Schoeniparus cinereus","Yellow-throated Fulvetta"
"Rufous-winged Fulvetta","Schoeniparus castaneceps","Rufous-winged Fulvetta"
"Rufous-throated Fulvetta","Schoeniparus rufogularis","Rufous-throated Fulvetta"
"Rusty-capped Fulvetta","Schoeniparus dubius","Rusty-capped Fulvetta"
"Puff-throated Babbler","Pellorneum ruficeps","Puff-throated Babbler"
"Marsh Babbler","Pellorneum palustre","Marsh Babbler"
"Spot-throated Babbler","Pellorneum albiventre","Spot-throated Babbler"
"Buff-breasted Babbler","Pellorneum tickelli","Buff-breasted Babbler"
"Rufous-vented Grass Babbler","Laticilla burnesii","Rufous-vented Grass Babbler (Rufous-vented Prinia)"
"Swamp Grass Babbler","Laticilla cinerascens","Swamp Grass Babbler (Swamp Prinia)"
"Abbott's Babbler","Malacocincla abbotti","Abbott's Babbler"
"Streaked Wren-Babbler","Gypsophila brevicaudata","Streaked Wren-Babbler"
"Eyebrowed Wren-Babbler","Napothera epilepidota","Eyebrowed Wren-Babbler"
"Long-billed Wren-Babbler","Napothera malacoptila","Long-billed Wren-Babbler"
"Brown-cheeked Fulvetta","Alcippe poioicephala","Brown-cheeked Fulvetta"
"Nepal Fulvetta","Alcippe nipalensis","Nepal Fulvetta"
"Striated Laughingthrush","Grammatoptila striata","Striated Laughingthrush"
"Himalayan Cutia","Cutia nipalensis","Himalayan Cutia"
"Scaly Laughingthrush","Trochalopteron subunicolor","Scaly Laughingthrush"
"Brown-capped Laughingthrush","Trochalopteron austeni","Brown-capped Laughingthrush"
"Blue-winged Laughingthrush","Trochalopteron squamatum","Blue-winged Laughingthrush"
"Streaked Laughingthrush","Trochalopteron lineatum","Streaked Laughingthrush"
"Bhutan Laughingthrush","Trochalopteron imbricatum","Bhutan Laughingthrush"
"Striped Laughingthrush","Trochalopteron virgatum","Striped Laughingthrush"
"Variegated Laughingthrush","Trochalopteron variegatum","Variegated Laughingthrush"
"Black-faced Laughingthrush","Trochalopteron affine","Black-faced Laughingthrush"
"Elliot's Laughingthrush","Trochalopteron elliotii","Elliot's Laughingthrush"
"Chestnut-crowned Laughingthrush","Trochalopteron erythrocephalum","Chestnut-crowned Laughingthrush"
"Assam Laughingthrush","Trochalopteron chrysopterum","Assam Laughingthrush"
"Banasura Laughingthrush","Montecincla jerdoni","Banasura Laughingthrush (Banasura Chilappan)"
"Nilgiri Laughingthrush","Montecincla cachinnans","Nilgiri Laughingthrush (Nilgiri Chilappan)"
"Palani Laughingthrush","Montecincla fairbanki","Palani Laughingthrush (Palani Chilappan)"
"Ashambu Laughingthrush","Montecincla meridionalis","Ashambu Laughingthrush (Ashambu Chilappan)"
"Long-tailed Sibia","Heterophasia picaoides","Long-tailed Sibia"
"Rufous Sibia","Heterophasia capistrata","Rufous Sibia"
"Beautiful Sibia","Heterophasia pulchella","Beautiful Sibia"
"Gray Sibia","Heterophasia gracilis","Grey Sibia"
"Hoary-throated Barwing","Actinodura nipalensis","Hoary-throated Barwing"
"Streak-throated Barwing","Actinodura waldeni","Streak-throated Barwing"
"Blue-winged Minla","Actinodura cyanouroptera","Blue-winged Minla"
"Chestnut-tailed Minla","Actinodura strigula","Chestnut-tailed Minla (Bar-throated Siva)"
"Rusty-fronted Barwing","Actinodura egertoni","Rusty-fronted Barwing"
"Red-billed Leiothrix","Leiothrix lutea","Red-billed Leiothrix"
"Silver-eared Mesia","Leiothrix argentauris","Silver-eared Mesia"
"Red-tailed Minla","Minla ignotincta","Red-tailed Minla"
"Rufous-backed Sibia","Leioptila annectens","Rufous-backed Sibia"
"Bugun Liocichla","Liocichla bugunorum","Bugun Liocichla"
"Red-faced Liocichla","Liocichla phoenicea","Red-faced Liocichla"
"Large Gray Babbler","Argya malcolmi","Large Grey Babbler"
"Slender-billed Babbler","Argya longirostris","Slender-billed Babbler"
"Rufous Babbler","Argya subrufa","Rufous Babbler"
"Jungle Babbler","Argya striata","Jungle Babbler"
"Yellow-billed Babbler","Argya affinis","Yellow-billed Babbler"
"Common Babbler","Argya caudata","Common Babbler"
"Striated Babbler","Argya earlei","Striated Babbler"
"Spot-breasted Laughingthrush","Garrulax merulinus","Spot-breasted Laughingthrush"
"Lesser Necklaced Laughingthrush","Garrulax monileger","Lesser Necklaced Laughingthrush"
"White-crested Laughingthrush","Garrulax leucolophus","White-crested Laughingthrush"
"Rufous-chinned Laughingthrush","Ianthocincla rufogularis","Rufous-chinned Laughingthrush"
"Moustached Laughingthrush","Ianthocincla cineracea","Moustached Laughingthrush"
"Spotted Laughingthrush","Ianthocincla ocellata","Spotted Laughingthrush"
"Wayanad Laughingthrush","Pterorhinus delesserti","Wayanad Laughingthrush"
"Rufous-vented Laughingthrush","Pterorhinus gularis","Rufous-vented Laughingthrush"
"Yellow-throated Laughingthrush","Pterorhinus galbanus","Yellow-throated Laughingthrush"
"Rufous-necked Laughingthrush","Pterorhinus ruficollis","Rufous-necked Laughingthrush"
"Chestnut-backed Laughingthrush","Pterorhinus nuchalis","Chestnut-backed Laughingthrush"
"White-browed Laughingthrush","Pterorhinus sannio","White-browed Laughingthrush"
"Greater Necklaced Laughingthrush","Pterorhinus pectoralis","Greater Necklaced Laughingthrush"
"Mount Victoria Babax","Pterorhinus woodi","Mount Victoria Babax"
"White-throated Laughingthrush","Pterorhinus albogularis","White-throated Laughingthrush"
"Gray-sided Laughingthrush","Pterorhinus caerulatus","Grey-sided Laughingthrush"
"Goldcrest","Regulus regulus","Goldcrest"
"Wallcreeper","Tichodroma muraria","Wallcreeper"
"Indian Nuthatch","Sitta castanea","Indian Nuthatch"
"Chestnut-bellied Nuthatch","Sitta cinnamoventris","Chestnut-bellied Nuthatch"
"Chestnut-vented Nuthatch","Sitta nagaensis","Chestnut-vented Nuthatch"
"Kashmir Nuthatch","Sitta cashmirensis","Kashmir Nuthatch"
"White-tailed Nuthatch","Sitta himalayensis","White-tailed Nuthatch"
"White-cheeked Nuthatch","Sitta leucopsis","White-cheeked Nuthatch"
"Yunnan Nuthatch","Sitta yunnanensis","Yunnan Nuthatch"
"Velvet-fronted Nuthatch","Sitta frontalis","Velvet-fronted Nuthatch"
"Beautiful Nuthatch","Sitta formosa","Beautiful Nuthatch"
"Hodgson's Treecreeper","Certhia hodgsoni","Hodgson's Treecreeper (Eurasian Treecreeper)"
"Bar-tailed Treecreeper","Certhia himalayana","Bar-tailed Treecreeper"
"Rusty-flanked Treecreeper","Certhia nipalensis","Rusty-flanked Treecreeper"
"Sikkim Treecreeper","Certhia discolor","Sikkim Treecreeper (Brown-throated Treecreeper)"
"Hume's Treecreeper","Certhia manipurensis","Hume's Treecreeper"
"Indian Spotted Creeper","Salpornis spilonota","Indian Spotted Creeper"
"Eurasian Wren","Troglodytes troglodytes","Eurasian Wren (Winter Wren)"
"Spotted Elachura","Elachura formosa","Spotted Elachura (Spotted Wren-Babbler)"
"White-throated Dipper","Cinclus cinclus","White-throated Dipper"
"Brown Dipper","Cinclus pallasii","Brown Dipper"
"Asian Glossy Starling","Aplonis panayensis","Asian Glossy Starling"
"Golden-crested Myna","Ampeliceps coronatus","Golden-crested Myna"
"Common Hill Myna","Gracula religiosa","Common Hill Myna"
"Southern Hill Myna","Gracula indica","Southern Hill Myna"
"European Starling","Sturnus vulgaris","European Starling (Common Starling)"
"Rosy Starling","Pastor roseus","Rosy Starling"
"Daurian Starling","Agropsar sturninus","Daurian Starling"
"Chestnut-cheeked Starling","Agropsar philippensis","Chestnut-cheeked Starling"
"Indian Pied Starling","Gracupica contra","Indian Pied Starling (Pied Myna)"
"White-shouldered Starling","Sturnia sinensis","White-shouldered Starling"
"Brahminy Starling","Sturnia pagodarum","Brahminy Starling"
"Chestnut-tailed Starling","Sturnia malabarica","Chestnut-tailed Starling"
"Malabar Starling","Sturnia blythii","Malabar Starling (Blyth's Starling)"
"White-headed Starling","Sturnia erythropygia","White-headed Starling"
"Red-billed Starling","Spodiopsar sericeus","Red-billed Starling"
"White-cheeked Starling","Spodiopsar cineraceus","White-cheeked Starling"
"Common Myna","Acridotheres tristis","Common Myna"
"Bank Myna","Acridotheres ginginianus","Bank Myna"
"Jungle Myna","Acridotheres fuscus","Jungle Myna"
"Collared Myna","Acridotheres albocinctus",NA
"Great Myna","Acridotheres grandis","Great Myna"
"Spot-winged Starling","Saroglossa spilopterus","Spot-winged Starling"
"Grandala","Grandala coelicolor","Grandala"
"Long-tailed Thrush","Zoothera dixoni","Long-tailed Thrush"
"Alpine Thrush","Zoothera mollissima","Alpine Thrush"
"Himalayan Thrush","Zoothera salimalii","Himalayan Thrush"
"Dark-sided Thrush","Zoothera marginata","Dark-sided Thrush"
"Long-billed Thrush","Zoothera monticola","Long-billed Thrush"
"White's Thrush","Zoothera aurea","White's Thrush"
"Scaly Thrush","Zoothera dauma","Scaly Thrush"
"Nilgiri Thrush","Zoothera neilgherriensis","Nilgiri Thrush"
"Purple Cochoa","Cochoa purpurea","Purple Cochoa"
"Green Cochoa","Cochoa viridis","Green Cochoa"
"Siberian Thrush","Geokichla sibirica","Siberian Thrush"
"Pied Thrush","Geokichla wardii","Pied Thrush"
"Orange-headed Thrush","Geokichla citrina","Orange-headed Thrush"
"Chinese Thrush","Turdus mupinensis","Chinese Thrush"
"Mistle Thrush","Turdus viscivorus","Mistle Thrush"
"Song Thrush","Turdus philomelos","Song Thrush"
"Chinese Blackbird","Turdus mandarinus","Chinese Blackbird"
"Gray-winged Blackbird","Turdus boulboul","Grey-winged Blackbird"
"Indian Blackbird","Turdus simillimus","Indian Blackbird"
"Japanese Thrush","Turdus cardis","Japanese Thrush"
"Tickell's Thrush","Turdus unicolor","Tickell's Thrush"
"Black-breasted Thrush","Turdus dissimilis","Black-breasted Thrush"
"Gray-sided Thrush","Turdus feae","Grey-sided Thrush"
"Eyebrowed Thrush","Turdus obscurus","Eyebrowed Thrush"
"White-backed Thrush","Turdus kessleri","White-backed Thrush (Kessler's Thrush)"
"Tibetan Blackbird","Turdus maximus","Tibetan Blackbird"
"Fieldfare","Turdus pilaris","Fieldfare"
"White-collared Blackbird","Turdus albocinctus","White-collared Blackbird"
"Chestnut Thrush","Turdus rubrocanus","Chestnut Thrush"
"Black-throated Thrush","Turdus atrogularis","Black-throated Thrush"
"Red-throated Thrush","Turdus ruficollis","Red-throated Thrush"
"Dusky Thrush","Turdus eunomus","Dusky Thrush"
"Naumann's Thrush","Turdus naumanni","Naumann's Thrush"
"Dark-sided Flycatcher","Muscicapa sibirica","Dark-sided Flycatcher"
"Ferruginous Flycatcher","Muscicapa ferruginea","Ferruginous Flycatcher"
"Asian Brown Flycatcher","Muscicapa dauurica","Asian Brown Flycatcher"
"Brown-breasted Flycatcher","Muscicapa muttui","Brown-breasted Flycatcher"
"Spotted Flycatcher","Muscicapa striata","Spotted Flycatcher"
"Rufous-tailed Scrub-Robin","Cercotrichas galactotes","Rufous-tailed Scrub-Robin"
"Indian Robin","Copsychus fulicatus","Indian Robin"
"Oriental Magpie-Robin","Copsychus saularis","Oriental Magpie-Robin"
"White-rumped Shama","Copsychus malabaricus","White-rumped Shama"
"Andaman Shama","Copsychus albiventris","Andaman Shama"
"White-gorgeted Flycatcher","Anthipes monileger","White-gorgeted Flycatcher"
"Nilgiri Sholakili","Sholicola major","Nilgiri Sholakili"
"White-bellied Sholakili","Sholicola albiventris","White-bellied Sholakili"
"White-tailed Flycatcher","Leucoptilon concretum","White-tailed Flycatcher"
"White-bellied Blue Flycatcher","Cyornis pallidipes","White-bellied Blue Flycatcher"
"Pale-chinned Flycatcher","Cyornis poliogenys","Pale-chinned Flycatcher"
"Pale Blue Flycatcher","Cyornis unicolor","Pale Blue Flycatcher"
"Blue-throated Flycatcher","Cyornis rubeculoides","Blue-throated Flycatcher"
"Large Blue Flycatcher","Cyornis magnirostris","Large Blue Flycatcher"
"Hill Blue Flycatcher","Cyornis whitei","Hill Blue Flycatcher"
"Tickell's Blue Flycatcher","Cyornis tickelliae","Tickell's Blue Flycatcher"
"Nicobar Jungle Flycatcher","Cyornis nicobaricus","Nicobar Jungle Flycatcher"
"Large Niltava","Niltava grandis","Large Niltava"
"Small Niltava","Niltava macgrigoriae","Small Niltava"
"Rufous-bellied Niltava","Niltava sundara","Rufous-bellied Niltava"
"Chinese Vivid Niltava","Niltava oatesi","Chinese Vivid Niltava"
"Blue-and-white Flycatcher","Cyanoptila cyanomelana","Blue-and-white Flycatcher"
"Zappey's Flycatcher","Cyanoptila cumatilis","Zappey's Flycatcher"
"Nilgiri Flycatcher","Eumyias albicaudatus","Nilgiri Flycatcher"
"Verditer Flycatcher","Eumyias thalassinus","Verditer Flycatcher"
"Rusty-bellied Shortwing","Brachypteryx hyperythra","Rusty-bellied Shortwing"
"Gould's Shortwing","Heteroxenicus stellatus","Gould's Shortwing"
"Lesser Shortwing","Brachypteryx leucophris","Lesser Shortwing"
"Himalayan Shortwing","Brachypteryx cruralis","Himalayan Shortwing (White-browed Shortwing)"
"Indian Blue Robin","Larvivora brunnea","Indian Blue Robin"
"Siberian Blue Robin","Larvivora cyane","Siberian Blue Robin"
"White-bellied Redstart","Luscinia phaenicuroides","White-bellied Redstart"
"Bluethroat","Luscinia svecica","Bluethroat"
"Malabar Whistling-Thrush","Myophonus horsfieldii","Malabar Whistling-Thrush"
"Blue Whistling-Thrush","Myophonus caeruleus","Blue Whistling-Thrush"
"Little Forktail","Enicurus scouleri","Little Forktail"
"White-crowned Forktail","Enicurus leschenaulti","White-crowned Forktail"
"Spotted Forktail","Enicurus maculatus","Spotted Forktail"
"Black-backed Forktail","Enicurus immaculatus","Black-backed Forktail"
"Slaty-backed Forktail","Enicurus schistaceus","Slaty-backed Forktail"
"Firethroat","Calliope pectardens","Firethroat"
"Siberian Rubythroat","Calliope calliope","Siberian Rubythroat"
"Himalayan Rubythroat","Calliope pectoralis","Himalayan Rubythroat"
"Chinese Rubythroat","Calliope tschebaiewi","Chinese Rubythroat"
"White-tailed Robin","Myiomela leucura","White-tailed Robin"
"Blue-fronted Robin","Cinclidium frontale","Blue-fronted Robin"
"Red-flanked Bluetail","Tarsiger cyanurus","Red-flanked Bluetail (Red-flanked Bush-Robin)"
"Himalayan Bluetail","Tarsiger rufilatus","Himalayan Bluetail (Orange-flanked Bush-Robin)"
"Rufous-breasted Bush-Robin","Tarsiger hyperythrus","Rufous-breasted Bush-Robin"
"White-browed Bush-Robin","Tarsiger indicus","White-browed Bush-Robin"
"Golden Bush-Robin","Tarsiger chrysaeus","Golden Bush-Robin"
"Yellow-rumped Flycatcher","Ficedula zanthopygia","Korean Flycatcher (Yellow-rumped Flycatcher)"
"Mugimaki Flycatcher","Ficedula mugimaki","Mugimaki Flycatcher"
"Slaty-backed Flycatcher","Ficedula erithacus","Slaty-backed Flycatcher"
"Black-and-orange Flycatcher","Ficedula nigrorufa","Black-and-orange Flycatcher"
"Slaty-blue Flycatcher","Ficedula tricolor","Slaty-blue Flycatcher"
"Snowy-browed Flycatcher","Ficedula hyperythra","Snowy-browed Flycatcher"
"Pygmy Flycatcher","Ficedula hodgsoni","Pygmy Flycatcher"
"Rufous-gorgeted Flycatcher","Ficedula strophiata","Rufous-gorgeted Flycatcher"
"Sapphire Flycatcher","Ficedula sapphira","Sapphire Flycatcher"
"Little Pied Flycatcher","Ficedula westermanni","Little Pied Flycatcher"
"Ultramarine Flycatcher","Ficedula superciliaris","Ultramarine Flycatcher"
"Rusty-tailed Flycatcher","Ficedula ruficauda","Rusty-tailed Flycatcher"
"Taiga Flycatcher","Ficedula albicilla","Taiga Flycatcher (Red-throated Flycatcher)"
"Kashmir Flycatcher","Ficedula subrubra","Kashmir Flycatcher"
"Red-breasted Flycatcher","Ficedula parva","Red-breasted Flycatcher"
"Blue-fronted Redstart","Phoenicurus frontalis","Blue-fronted Redstart"
"Plumbeous Redstart","Phoenicurus fuliginosus","Plumbeous Redstart"
"Rufous-backed Redstart","Phoenicurus erythronotus","Rufous-backed Redstart (Eversmann's Redstart)"
"White-capped Redstart","Phoenicurus leucocephalus","White-capped Redstart"
"Blue-capped Redstart","Phoenicurus coeruleocephala","Blue-capped Redstart"
"Common Redstart","Phoenicurus phoenicurus","Common Redstart"
"Hodgson's Redstart","Phoenicurus hodgsoni","Hodgson's Redstart"
"White-throated Redstart","Phoenicurus schisticeps","White-throated Redstart"
"White-winged Redstart","Phoenicurus erythrogastrus","White-winged Redstart (Gldenstdt's Redstart)"
"Black Redstart","Phoenicurus ochruros","Black Redstart"
"Daurian Redstart","Phoenicurus auroreus","Daurian Redstart"
"Chestnut-bellied Rock-Thrush","Monticola rufiventris","Chestnut-bellied Rock-Thrush"
"Blue-capped Rock-Thrush","Monticola cinclorhyncha","Blue-capped Rock-Thrush"
"Rufous-tailed Rock-Thrush","Monticola saxatilis","Rufous-tailed Rock-Thrush"
"Blue Rock-Thrush","Monticola solitarius","Blue Rock-Thrush"
"Whinchat","Saxicola rubetra","Whinchat"
"White-browed Bushchat","Saxicola macrorhynchus","White-browed Bushchat (Stoliczka's Bushchat)"
"White-throated Bushchat","Saxicola insignis","White-throated Bushchat (Hodgson's Bushchat)"
"Siberian Stonechat","Saxicola maurus","Siberian Stonechat (Common Stonechat)"
"Amur Stonechat","Saxicola stejnegeri","Amur Stonechat (Stejneger's Stonechat)"
"White-tailed Stonechat","Saxicola leucurus","White-tailed Stonechat"
"Pied Bushchat","Saxicola caprata","Pied Bushchat"
"Jerdon's Bushchat","Saxicola jerdoni","Jerdon's Bushchat"
"Gray Bushchat","Saxicola ferreus","Grey Bushchat"
"Northern Wheatear","Oenanthe oenanthe","Northern Wheatear"
"Isabelline Wheatear","Oenanthe isabellina","Isabelline Wheatear"
"Desert Wheatear","Oenanthe deserti","Desert Wheatear"
"Pied Wheatear","Oenanthe pleschanka","Pied Wheatear"
"Brown Rock Chat","Oenanthe fusca","Brown Rock Chat (Indian Chat)"
"Variable Wheatear","Oenanthe picata","Variable Wheatear"
"Hume's Wheatear","Oenanthe albonigra","Hume's Wheatear"
"Finsch's Wheatear","Oenanthe finschii","Finsch's Wheatear"
"Persian Wheatear","Oenanthe chrysopygia","Red-tailed Wheatear (Persian Wheatear)"
"Bohemian Waxwing","Bombycilla garrulus","Bohemian Waxwing"
"Hypocolius","Hypocolius ampelinus","Hypocolius"
"Thick-billed Flowerpecker","Dicaeum agile","Thick-billed Flowerpecker"
"Yellow-vented Flowerpecker","Dicaeum chrysorrheum","Yellow-vented Flowerpecker"
"Yellow-bellied Flowerpecker","Dicaeum melanozanthum","Yellow-bellied Flowerpecker"
"Pale-billed Flowerpecker","Dicaeum erythrorhynchos","Pale-billed Flowerpecker"
"Nilgiri Flowerpecker","Dicaeum concolor","Nilgiri Flowerpecker"
"Plain Flowerpecker","Dicaeum minullum","Plain Flowerpecker"
"Andaman Flowerpecker","Dicaeum virescens","Andaman Flowerpecker"
"Fire-breasted Flowerpecker","Dicaeum ignipectus","Fire-breasted Flowerpecker"
"Scarlet-backed Flowerpecker","Dicaeum cruentatum","Scarlet-backed Flowerpecker"
"Ruby-cheeked Sunbird","Chalcoparia singalensis","Ruby-cheeked Sunbird"
"Purple-rumped Sunbird","Leptocoma zeylonica","Purple-rumped Sunbird"
"Crimson-backed Sunbird","Leptocoma minima","Crimson-backed Sunbird (Small Sunbird)"
"Van Hasselt's Sunbird","Leptocoma brasiliana","Van Hasselt's Sunbird (Purple-throated Sunbird)"
"Purple Sunbird","Cinnyris asiaticus","Purple Sunbird"
"Ornate Sunbird","Cinnyris ornatus","Olive-backed Sunbird (Ornate Sunbird)"
"Loten's Sunbird","Cinnyris lotenius","Loten's Sunbird (Long-billed Sunbird)"
"Fire-tailed Sunbird","Aethopyga ignicauda","Fire-tailed Sunbird"
"Black-throated Sunbird","Aethopyga saturata","Black-throated Sunbird"
"Mrs. Gould's Sunbird","Aethopyga gouldiae","Mrs. Gould's Sunbird"
"Green-tailed Sunbird","Aethopyga nipalensis","Green-tailed Sunbird"
"Vigors's Sunbird","Aethopyga vigorsii","Vigors's Sunbird"
"Crimson Sunbird","Aethopyga siparaja","Crimson Sunbird"
"Little Spiderhunter","Arachnothera longirostra","Little Spiderhunter"
"Streaked Spiderhunter","Arachnothera magna","Streaked Spiderhunter"
"Asian Fairy-bluebird","Irena puella","Asian Fairy-bluebird"
"Blue-winged Leafbird","Chloropsis moluccensis","Blue-winged Leafbird (Blue-winged Chloropsis)"
"Jerdon's Leafbird","Chloropsis jerdoni","Jerdon's Leafbird (Jerdon's Chloropsis)"
"Golden-fronted Leafbird","Chloropsis aurifrons","Golden-fronted Leafbird (Golden-fronted Chloropsis)"
"Orange-bellied Leafbird","Chloropsis hardwickii","Orange-bellied Leafbird (Orange-bellied Chloropsis)"
"Streaked Weaver","Ploceus manyar","Streaked Weaver"
"Baya Weaver","Ploceus philippinus","Baya Weaver"
"Finn's Weaver","Ploceus megarhynchus","Finn's Weaver (Yellow Weaver)"
"Black-breasted Weaver","Ploceus benghalensis","Black-breasted Weaver (Bengal Weaver)"
"Indian Silverbill","Euodice malabarica","Indian Silverbill (White-throated Munia)"
"Scaly-breasted Munia","Lonchura punctulata","Scaly-breasted Munia (Spotted Munia)"
"Black-throated Munia","Lonchura kelaarti","Black-throated Munia"
"White-rumped Munia","Lonchura striata","White-rumped Munia"
"Tricolored Munia","Lonchura malacca","Tricolored Munia (Black-headed Munia)"
"Chestnut Munia","Lonchura atricapilla","Chestnut Munia"
"Green Avadavat","Amandava formosa","Green Avadavat"
"Red Avadavat","Amandava amandava","Red Avadavat"
"Alpine Accentor","Prunella collaris","Alpine Accentor"
"Altai Accentor","Prunella himalayana","Altai Accentor (Himalayan Accentor)"
"Robin Accentor","Prunella rubeculoides","Robin Accentor"
"Rufous-breasted Accentor","Prunella strophiata","Rufous-breasted Accentor"
"Brown Accentor","Prunella fulvescens","Brown Accentor"
"Black-throated Accentor","Prunella atrogularis","Black-throated Accentor"
"Maroon-backed Accentor","Prunella immaculata","Maroon-backed Accentor"
"House Sparrow","Passer domesticus","House Sparrow"
"Spanish Sparrow","Passer hispaniolensis","Spanish Sparrow"
"Sind Sparrow","Passer pyrrhonotus","Sind Sparrow"
"Russet Sparrow","Passer cinnamomeus","Russet Sparrow"
"Eurasian Tree Sparrow","Passer montanus","Eurasian Tree Sparrow"
"Yellow-throated Sparrow","Gymnoris xanthocollis","Yellow-throated Sparrow (Chestnut-shouldered Petronia)"
"Rock Sparrow","Petronia petronia","Rock Sparrow"
"Pale Rockfinch","Carpospiza brachydactyla","Pale Rockfinch"
"Black-winged Snowfinch","Montifringilla adamsi","Black-winged Snowfinch (Tibetan Snowfinch)"
"White-rumped Snowfinch","Onychostruthus taczanowskii","White-rumped Snowfinch"
"Rufous-necked Snowfinch","Pyrgilauda ruficollis","Rufous-necked Snowfinch"
"Blanford's Snowfinch","Pyrgilauda blanfordi","Blanford's Snowfinch (Plain-backed Snowfinch)"
"Forest Wagtail","Dendronanthus indicus","Forest Wagtail"
"Gray Wagtail","Motacilla cinerea","Grey Wagtail"
"Western Yellow Wagtail","Motacilla flava","Western Yellow Wagtail"
"Eastern Yellow Wagtail","Motacilla tschutschensis","Eastern Yellow Wagtail"
"Citrine Wagtail","Motacilla citreola","Citrine Wagtail"
"White-browed Wagtail","Motacilla maderaspatensis","White-browed Wagtail (Large Pied Wagtail)"
"White Wagtail","Motacilla alba","White Wagtail"
"Richard's Pipit","Anthus richardi","Richard's Pipit"
"Paddyfield Pipit","Anthus rufulus","Paddyfield Pipit"
"Long-billed Pipit","Anthus similis","Long-billed Pipit"
"Blyth's Pipit","Anthus godlewskii","Blyth's Pipit"
"Tawny Pipit","Anthus campestris","Tawny Pipit"
"Nilgiri Pipit","Anthus nilghiriensis","Nilgiri Pipit"
"Upland Pipit","Anthus sylvanus","Upland Pipit"
"Meadow Pipit","Anthus pratensis","Meadow Pipit"
"Rosy Pipit","Anthus roseatus","Rosy Pipit"
"Tree Pipit","Anthus trivialis","Tree Pipit"
"Olive-backed Pipit","Anthus hodgsoni","Olive-backed Pipit"
"Red-throated Pipit","Anthus cervinus","Red-throated Pipit"
"Water Pipit","Anthus spinoletta","Water Pipit"
"American Pipit","Anthus rubescens","Buff-bellied Pipit (American Pipit)"
"Common Chaffinch","Fringilla coelebs","Common Chaffinch"
"Brambling","Fringilla montifringilla","Brambling"
"Black-and-yellow Grosbeak","Mycerobas icterioides","Black-and-yellow Grosbeak"
"Collared Grosbeak","Mycerobas affinis","Collared Grosbeak"
"Spot-winged Grosbeak","Mycerobas melanozanthos","Spot-winged Grosbeak"
"White-winged Grosbeak","Mycerobas carnipes","White-winged Grosbeak"
"Hawfinch","Coccothraustes coccothraustes","Hawfinch"
"Common Rosefinch","Carpodacus erythrinus","Common Rosefinch"
"Scarlet Finch","Carpodacus sipahi","Scarlet Finch"
"Blyth's Rosefinch","Carpodacus grandis","Blyth's Rosefinch"
"Himalayan Beautiful Rosefinch","Carpodacus pulcherrimus","Himalayan Beautiful Rosefinch"
"Pink-rumped Rosefinch","Carpodacus waltoni","Pink-rumped Rosefinch"
"Dark-rumped Rosefinch","Carpodacus edwardsii","Dark-rumped Rosefinch"
"Pink-browed Rosefinch","Carpodacus rodochroa","Pink-browed Rosefinch"
"Spot-winged Rosefinch","Carpodacus rodopeplus","Spot-winged Rosefinch"
"Vinaceous Rosefinch","Carpodacus vinaceus","Vinaceous Rosefinch"
"Pale Rosefinch","Carpodacus stoliczkae","Pale Rosefinch"
"Sillem's Rosefinch","Carpodacus sillemi","Sillem's Rosefinch"
"Streaked Rosefinch","Carpodacus rubicilloides","Streaked Rosefinch"
"Great Rosefinch","Carpodacus rubicilla","Great Rosefinch"
"Red-fronted Rosefinch","Carpodacus puniceus","Red-fronted Rosefinch"
"Crimson-browed Finch","Carpodacus subhimachalus","Crimson-browed Finch"
"Three-banded Rosefinch","Carpodacus trifasciatus","Three-banded Rosefinch"
"Himalayan White-browed Rosefinch","Carpodacus thura","Himalayan White-browed Rosefinch"
"Chinese White-browed Rosefinch","Carpodacus dubius","Chinese White-browed Rosefinch"
"Brown Bullfinch","Pyrrhula nipalensis","Brown Bullfinch"
"Orange Bullfinch","Pyrrhula aurantiaca","Orange Bullfinch"
"Red-headed Bullfinch","Pyrrhula erythrocephala","Red-headed Bullfinch"
"Gray-headed Bullfinch","Pyrrhula erythaca","Grey-headed Bullfinch"
"Crimson-winged Finch","Rhodopechys sanguineus","Crimson-winged Finch"
"Trumpeter Finch","Bucanetes githagineus","Trumpeter Finch"
"Mongolian Finch","Bucanetes mongolicus","Mongolian Finch"
"Blanford's Rosefinch","Agraphospiza rubescens","Blanford's Rosefinch"
"Gold-naped Finch","Pyrrhoplectes epauletta","Gold-naped Finch"
"Spectacled Finch","Callacanthis burtoni","Spectacled Finch"
"Dark-breasted Rosefinch","Procarduelis nipalensis","Dark-breasted Rosefinch"
"Plain Mountain Finch","Leucosticte nemoricola","Plain Mountain Finch"
"Black-headed Mountain Finch","Leucosticte brandti","Black-headed Mountain-Finch (Brandt's Mountain Finch)"
"Desert Finch","Rhodospiza obsoleta","Desert Finch"
"Yellow-breasted Greenfinch","Chloris spinoides","Yellow-breasted Greenfinch"
"Black-headed Greenfinch","Chloris ambigua","Black-headed Greenfinch"
"Twite","Linaria flavirostris","Twite"
"Eurasian Linnet","Linaria cannabina","Eurasian Linnet"
"Red Crossbill","Loxia curvirostra","Red Crossbill"
"European Goldfinch","Carduelis carduelis","European Goldfinch"
"Fire-fronted Serin","Serinus pusillus","Fire-fronted Serin"
"Tibetan Serin","Spinus thibetanus","Tibetan Serin"
"Eurasian Siskin","Spinus spinus","Eurasian Siskin"
"Lapland Longspur","Calcarius lapponicus","Lapland Longspur"
"Crested Bunting","Emberiza lathami","Crested Bunting"
"Black-headed Bunting","Emberiza melanocephala","Black-headed Bunting"
"Red-headed Bunting","Emberiza bruniceps","Red-headed Bunting"
"Chestnut-eared Bunting","Emberiza fucata","Chestnut-eared Bunting"
"Rock Bunting","Emberiza cia","Rock Bunting"
"Godlewski's Bunting","Emberiza godlewskii","Godlewski's Bunting"
"Meadow Bunting","Emberiza cioides","Meadow Bunting"
"White-capped Bunting","Emberiza stewarti","White-capped Bunting (Chestnut-breasted Bunting)"
"Yellowhammer","Emberiza citrinella","Yellowhammer"
"Pine Bunting","Emberiza leucocephalos","Pine Bunting"
"Gray-necked Bunting","Emberiza buchanani","Grey-necked Bunting (Grey-hooded Bunting)"
"Ortolan Bunting","Emberiza hortulana","Ortolan Bunting"
"Striolated Bunting","Emberiza striolata","Striolated Bunting (House Bunting)"
"Reed Bunting","Emberiza schoeniclus","Reed Bunting"
"Yellow-breasted Bunting","Emberiza aureola","Yellow-breasted Bunting"
"Little Bunting","Emberiza pusilla","Little Bunting"
"Rustic Bunting","Emberiza rustica","Rustic Bunting"
"Black-faced Bunting","Emberiza spodocephala","Black-faced Bunting"
"Chestnut Bunting","Emberiza rutila","Chestnut Bunting"
"Yellow-browed Bunting","Emberiza chrysophrys","Yellow-browed Bunting"
"Tristram's Bunting","Emberiza tristrami","Tristram's Bunting"
